
insert into Lugar (codigo, nombre, tipo) values
(1601, 'Amazonas', 'Estado'),
(1602, 'Anzoátegui', 'Estado'),
(1603, 'Apure', 'Estado'),
(1604, 'Aragua', 'Estado'),
(1605, 'Barinas', 'Estado'),
(1606, 'Bolívar', 'Estado'),
(1607, 'Carabobo', 'Estado'),
(1608, 'Cojedes', 'Estado'),
(1609, 'Delta Amacuro', 'Estado'),
(1610, 'Falcón', 'Estado'),
(1611, 'Guárico', 'Estado'),
(1612, 'Lara', 'Estado'),
(1613, 'Mérida', 'Estado'),
(1614, 'Miranda', 'Estado'),
(1615, 'Monagas', 'Estado'),
(1616, 'Nueva Esparta', 'Estado'),
(1617, 'Portuguesa', 'Estado'),
(1618, 'Sucre', 'Estado'),
(1619, 'Táchira', 'Estado'),
(1620, 'Trujillo', 'Estado'),
(1621, 'Vargas', 'Estado'),
(1622, 'Yaracuy', 'Estado'),
(1623, 'Zulia', 'Estado'),
(1624, 'Distrito Capital', 'Estado'),
(1625, 'Dependencias Federales', 'Estado');


insert into Lugar (codigo,fk_Lugar, tipo, nombre) values
(1,1601,  'Municipio','Alto Orinoco'),
(2,1601,  'Municipio','Atabapo'),
(3,1601,  'Municipio','Atures'),
(4,1601,  'Municipio','Autana'),
(5,1601,  'Municipio','Manapiare'),
(6,1601,  'Municipio','Maroa'),
(7,1601,  'Municipio','Río Negro'),
(8,1602,  'Municipio','Anaco'),
(9,1602,  'Municipio','Aragua'),
(10,1602, 'Municipio', 'Manuel Ezequiel Bruzual'),
(11,1602, 'Municipio', 'Diego Bautista Urbaneja'),
(12,1602, 'Municipio', 'Fernando Peñalver'),
(13,1602, 'Municipio', 'Francisco Del Carmen Carvajal'),
(14,1602, 'Municipio', 'General Sir Arthur McGregor'),
(15,1602, 'Municipio', 'Guanta'),
(16,1602, 'Municipio', 'Independencia'),
(17,1602, 'Municipio', 'José Gregorio Monagas'),
(18,1602, 'Municipio', 'Juan Antonio Sotillo'),
(19,1602, 'Municipio', 'Juan Manuel Cajigal'),
(20,1602, 'Municipio', 'Libertad'),
(21,1602, 'Municipio', 'Francisco de Miranda'),
(22,1602, 'Municipio', 'Pedro María Freites'),
(23,1602, 'Municipio', 'Píritu'),
(24,1602, 'Municipio', 'San José de Guanipa'),
(25,1602, 'Municipio', 'San Juan de Capistrano'),
(26,1602, 'Municipio', 'Santa Ana'),
(27,1602, 'Municipio', 'Simón Bolívar'),
(28,1602, 'Municipio', 'Simón Rodríguez'),
(29,1603, 'Municipio', 'Achaguas'),
(30,1603, 'Municipio', 'Biruaca'),
(31,1603, 'Municipio', 'Muñóz'),
(32,1603, 'Municipio', 'Páez'),
(33,1603, 'Municipio', 'Pedro Camejo'),
(34,1603, 'Municipio', 'Rómulo Gallegos'),
(35,1603, 'Municipio', 'San Fernando'),
(36,1604, 'Municipio', 'Atanasio Girardot'),
(37,1604, 'Municipio', 'Bolívar'),
(38,1604, 'Municipio', 'Camatagua'),
(39,1604, 'Municipio', 'Francisco Linares Alcántara'),
(40,1604, 'Municipio', 'José Ángel Lamas'),
(41,1604, 'Municipio', 'José Félix Ribas'),
(42,1604, 'Municipio', 'José Rafael Revenga'),
(43,1604, 'Municipio', 'Libertador'),
(44,1604, 'Municipio', 'Mario Briceño Iragorry'),
(45,1604, 'Municipio', 'Ocumare de la Costa de Oro'),
(46,1604, 'Municipio', 'San Casimiro'),
(47,1604, 'Municipio', 'San Sebastián'),
(48,1604, 'Municipio', 'Santiago Mariño'),
(49,1604, 'Municipio', 'Santos Michelena'),
(50,1604, 'Municipio', 'Sucre'),
(51,1604, 'Municipio', 'Tovar'),
(52,1604, 'Municipio', 'Urdaneta'),
(53,1604, 'Municipio', 'Zamora'),
(54,1605, 'Municipio', 'Alberto Arvelo Torrealba'),
(55,1605, 'Municipio', 'Andrés Eloy Blanco'),
(56,1605, 'Municipio', 'Antonio José de Sucre'),
(57,1605, 'Municipio', 'Arismendi'),
(58,1605, 'Municipio', 'Barinas'),
(59,1605, 'Municipio', 'Bolívar'),
(60,1605, 'Municipio', 'Cruz Paredes'),
(61,1605, 'Municipio', 'Ezequiel Zamora'),
(62,1605, 'Municipio', 'Obispos'),
(63,1605, 'Municipio', 'Pedraza'),
(64,1605, 'Municipio', 'Rojas'),
(65,1605, 'Municipio', 'Sosa'),
(66,1606, 'Municipio', 'Caroní'),
(67,1606, 'Municipio', 'Cedeño'),
(68,1606, 'Municipio', 'El Callao'),
(69,1606, 'Municipio', 'Gran Sabana'),
(70,1606, 'Municipio', 'Heres'),
(71,1606, 'Municipio', 'Piar'),
(72,1606, 'Municipio', 'Angostura (Raúl Leoni)'),
(73,1606, 'Municipio', 'Roscio'),
(74,1606, 'Municipio', 'Sifontes'),
(75,1606, 'Municipio', 'Sucre'),
(76,1606, 'Municipio', 'Padre Pedro Chien'),
(77,1607, 'Municipio', 'Bejuma'),
(78,1607, 'Municipio', 'Carlos Arvelo'),
(79,1607, 'Municipio', 'Diego Ibarra'),
(80,1607, 'Municipio', 'Guacara'),
(81,1607, 'Municipio', 'Juan José Mora'),
(82,1607, 'Municipio', 'Libertador'),
(83,1607, 'Municipio', 'Los Guayos'),
(84,1607, 'Municipio', 'Miranda'),
(85,1607, 'Municipio', 'Montalbán'),
(86,1607, 'Municipio', 'Naguanagua'),
(87,1607, 'Municipio', 'Puerto Cabello'),
(88,1607, 'Municipio', 'San Diego'),
(89,1607, 'Municipio', 'San Joaquín'),
(90,1607, 'Municipio', 'Valencia'),
(91,1608, 'Municipio', 'Anzoátegui'),
(92,1608, 'Municipio', 'Tinaquillo'),
(93,1608, 'Municipio', 'Girardot'),
(94,1608, 'Municipio', 'Lima Blanco'),
(95,1608, 'Municipio', 'Pao de San Juan Bautista'),
(96,1608, 'Municipio', 'Ricaurte'),
(97,1608, 'Municipio', 'Rómulo Gallegos'),
(98,1608, 'Municipio', 'San Carlos'),
(99,1608, 'Municipio', 'Tinaco'),
(100,1609, 'Municipio', 'Antonio Díaz'),
(101,1609, 'Municipio', 'Casacoima'),
(102,1609, 'Municipio', 'Pedernales'),
(103,1609, 'Municipio', 'Tucupita'),
(104,1610, 'Municipio', 'Acosta'),
(105,1610, 'Municipio', 'Bolívar'),
(106,1610, 'Municipio', 'Buchivacoa'),
(107,1610, 'Municipio', 'Cacique Manaure'),
(108,1610, 'Municipio', 'Carirubana'),
(109,1610, 'Municipio', 'Colina'),
(110,1610, 'Municipio', 'Dabajuro'),
(111,1610, 'Municipio', 'Democracia'),
(112,1610, 'Municipio', 'Falcón'),
(113,1610, 'Municipio', 'Federación'),
(114,1610, 'Municipio', 'Jacura'),
(115,1610, 'Municipio', 'José Laurencio Silva'),
(116,1610, 'Municipio', 'Los Taques'),
(117,1610, 'Municipio', 'Mauroa'),
(118,1610, 'Municipio', 'Miranda'),
(119,1610, 'Municipio', 'Monseñor Iturriza'),
(120,1610, 'Municipio', 'Palmasola'),
(121,1610, 'Municipio', 'Petit'),
(122,1610, 'Municipio', 'Píritu'),
(123,1610, 'Municipio', 'San Francisco'),
(124,1610, 'Municipio', 'Sucre'),
(125,1610, 'Municipio', 'Tocópero'),
(126,1610, 'Municipio', 'Unión'),
(127,1610, 'Municipio', 'Urumaco'),
(128,1610, 'Municipio', 'Zamora'),
(129,1611, 'Municipio', 'Camaguán'),
(130,1611, 'Municipio', 'Chaguaramas'),
(131,1611, 'Municipio', 'El Socorro'),
(132,1611, 'Municipio', 'José Félix Ribas'),
(133,1611, 'Municipio', 'José Tadeo Monagas'),
(134,1611, 'Municipio', 'Juan Germán Roscio'),
(135,1611, 'Municipio', 'Julián Mellado'),
(136,1611, 'Municipio', 'Las Mercedes'),
(137,1611, 'Municipio', 'Leonardo Infante'),
(138,1611, 'Municipio', 'Pedro Zaraza'),
(139,1611, 'Municipio', 'Ortíz'),
(140,1611, 'Municipio', 'San Gerónimo de Guayabal'),
(141,1611, 'Municipio', 'San José de Guaribe'),
(142,1611, 'Municipio', 'Santa María de Ipire'),
(143,1611, 'Municipio', 'Sebastián Francisco de Miranda'),
(144,1612, 'Municipio', 'Andrés Eloy Blanco'),
(145,1612, 'Municipio', 'Crespo'),
(146,1612, 'Municipio', 'Iribarren'),
(147,1612, 'Municipio', 'Jiménez'),
(148,1612, 'Municipio', 'Morán'),
(149,1612, 'Municipio', 'Palavecino'),
(150,1612, 'Municipio', 'Simón Planas'),
(151,1612, 'Municipio', 'Torres'),
(152,1612, 'Municipio', 'Urdaneta'),
(179,1613, 'Municipio', 'Alberto Adriani'),
(180,1613, 'Municipio', 'Andrés Bello'),
(181,1613, 'Municipio', 'Antonio Pinto Salinas'),
(182,1613, 'Municipio', 'Aricagua'),
(183,1613, 'Municipio', 'Arzobispo Chacón'),
(184,1613, 'Municipio', 'Campo Elías'),
(185,1613, 'Municipio', 'Caracciolo Parra Olmedo'),
(186,1613, 'Municipio', 'Cardenal Quintero'),
(187,1613, 'Municipio', 'Guaraque'),
(188,1613, 'Municipio', 'Julio César Salas'),
(189,1613, 'Municipio', 'Justo Briceño'),
(190,1613, 'Municipio', 'Libertador'),
(191,1613, 'Municipio', 'Miranda'),
(192,1613, 'Municipio', 'Obispo Ramos de Lora'),
(193,1613, 'Municipio', 'Padre Noguera'),
(194,1613, 'Municipio', 'Pueblo Llano'),
(195,1613, 'Municipio', 'Rangel'),
(196,1613, 'Municipio', 'Rivas Dávila'),
(197,1613, 'Municipio', 'Santos Marquina'),
(198,1613, 'Municipio', 'Sucre'),
(199,1613, 'Municipio', 'Tovar'),
(200,1613, 'Municipio', 'Tulio Febres Cordero'),
(201,1613, 'Municipio', 'Zea'),
(223,1614, 'Municipio', 'Acevedo'),
(224,1614, 'Municipio', 'Andrés Bello'),
(225,1614, 'Municipio', 'Baruta'),
(226,1614, 'Municipio', 'Brión'),
(227,1614, 'Municipio', 'Buroz'),
(228,1614, 'Municipio', 'Carrizal'),
(229,1614, 'Municipio', 'Chacao'),
(230,1614, 'Municipio', 'Cristóbal Rojas'),
(231,1614, 'Municipio', 'El Hatillo'),
(232,1614, 'Municipio', 'Guaicaipuro'),
(233,1614, 'Municipio', 'Independencia'),
(234,1614, 'Municipio', 'Lander'),
(235,1614, 'Municipio', 'Los Salias'),
(236,1614, 'Municipio', 'Páez'),
(237,1614, 'Municipio', 'Paz Castillo'),
(238,1614, 'Municipio', 'Pedro Gual'),
(239,1614, 'Municipio', 'Plaza'),
(240,1614, 'Municipio', 'Simón Bolívar'),
(241,1614, 'Municipio', 'Sucre'),
(242,1614, 'Municipio', 'Urdaneta'),
(243,1614, 'Municipio', 'Zamora'),
(258,1615, 'Municipio', 'Acosta'),
(259,1615, 'Municipio', 'Aguasay'),
(260,1615, 'Municipio', 'Bolívar'),
(261,1615, 'Municipio', 'Caripe'),
(262,1615, 'Municipio', 'Cedeño'),
(263,1615, 'Municipio', 'Ezequiel Zamora'),
(264,1615, 'Municipio', 'Libertador'),
(265,1615, 'Municipio', 'Maturín'),
(266,1615, 'Municipio', 'Piar'),
(267,1615, 'Municipio', 'Punceres'),
(268,1615, 'Municipio', 'Santa Bárbara'),
(269,1615, 'Municipio', 'Sotillo'),
(270,1615, 'Municipio', 'Uracoa'),
(271,1616, 'Municipio', 'Antolín del Campo'),
(272,1616, 'Municipio', 'Arismendi'),
(273,1616, 'Municipio', 'García'),
(274,1616, 'Municipio', 'Gómez'),
(275,1616, 'Municipio', 'Maneiro'),
(276,1616, 'Municipio', 'Marcano'),
(277,1616, 'Municipio', 'Mariño'),
(278,1616, 'Municipio', 'Península de Macanao'),
(279,1616, 'Municipio', 'Tubores'),
(280,1616, 'Municipio', 'Villalba'),
(281,1616, 'Municipio', 'Díaz'),
(282,1617, 'Municipio', 'Agua Blanca'),
(283,1617, 'Municipio', 'Araure'),
(284,1617, 'Municipio', 'Esteller'),
(285,1617, 'Municipio', 'Guanare'),
(286,1617, 'Municipio', 'Guanarito'),
(287,1617, 'Municipio', 'Monseñor José Vicente de Unda'),
(288,1617, 'Municipio', 'Ospino'),
(289,1617, 'Municipio', 'Páez'),
(290,1617, 'Municipio', 'Papelón'),
(291,1617, 'Municipio', 'San Genaro de Boconoíto'),
(292,1617, 'Municipio', 'San Rafael de Onoto'),
(293,1617, 'Municipio', 'Santa Rosalía'),
(294,1617, 'Municipio', 'Sucre'),
(295,1617, 'Municipio', 'Turén'),
(296,1618, 'Municipio', 'Andrés Eloy Blanco'),
(297,1618, 'Municipio', 'Andrés Mata'),
(298,1618, 'Municipio', 'Arismendi'),
(299,1618, 'Municipio', 'Benítez'),
(300,1618, 'Municipio', 'Bermúdez'),
(301,1618, 'Municipio', 'Bolívar'),
(302,1618, 'Municipio', 'Cajigal'),
(303,1618, 'Municipio', 'Cruz Salmerón Acosta'),
(304,1618, 'Municipio', 'Libertador'),
(305,1618, 'Municipio', 'Mariño'),
(306,1618, 'Municipio', 'Mejía'),
(307,1618, 'Municipio', 'Montes'),
(308,1618, 'Municipio', 'Ribero'),
(309,1618, 'Municipio', 'Sucre'),
(310,1618, 'Municipio', 'Valdéz'),
(341,1619, 'Municipio', 'Andrés Bello'),
(342,1619, 'Municipio', 'Antonio Rómulo Costa'),
(343,1619, 'Municipio', 'Ayacucho'),
(344,1619, 'Municipio', 'Bolívar'),
(345,1619, 'Municipio', 'Cárdenas'),
(346,1619, 'Municipio', 'Córdoba'),
(347,1619, 'Municipio', 'Fernández Feo'),
(348,1619, 'Municipio', 'Francisco de Miranda'),
(349,1619, 'Municipio', 'García de Hevia'),
(350,1619, 'Municipio', 'Guásimos'),
(351,1619, 'Municipio', 'Independencia'),
(352,1619, 'Municipio', 'Jáuregui'),
(353,1619, 'Municipio', 'José María Vargas'),
(354,1619, 'Municipio', 'Junín'),
(355,1619, 'Municipio', 'Libertad'),
(356,1619, 'Municipio', 'Libertador'),
(357,1619, 'Municipio', 'Lobatera'),
(358,1619, 'Municipio', 'Michelena'),
(359,1619, 'Municipio', 'Panamericano'),
(360,1619, 'Municipio', 'Pedro María Ureña'),
(361,1619, 'Municipio', 'Rafael Urdaneta'),
(362,1619, 'Municipio', 'Samuel Darío Maldonado'),
(363,1619, 'Municipio', 'San Cristóbal'),
(364,1619, 'Municipio', 'Seboruco'),
(365,1619, 'Municipio', 'Simón Rodríguez'),
(366,1619, 'Municipio', 'Sucre'),
(367,1619, 'Municipio', 'Torbes'),
(368,1619, 'Municipio', 'Uribante'),
(369,1619, 'Municipio', 'San Judas Tadeo'),
(370,1620, 'Municipio', 'Andrés Bello'),
(371,1620, 'Municipio', 'Boconó'),
(372,1620, 'Municipio', 'Bolívar'),
(373,1620, 'Municipio', 'Candelaria'),
(374,1620, 'Municipio', 'Carache'),
(375,1620, 'Municipio', 'Escuque'),
(376,1620, 'Municipio', 'José Felipe Márquez Cañizalez'),
(377,1620, 'Municipio', 'Juan Vicente Campos Elías'),
(378,1620, 'Municipio', 'La Ceiba'),
(379,1620, 'Municipio', 'Miranda'),
(380,1620, 'Municipio', 'Monte Carmelo'),
(381,1620, 'Municipio', 'Motatán'),
(382,1620, 'Municipio', 'Pampán'),
(383,1620, 'Municipio', 'Pampanito'),
(384,1620, 'Municipio', 'Rafael Rangel'),
(385,1620, 'Municipio', 'San Rafael de Carvajal'),
(386,1620, 'Municipio', 'Sucre'),
(387,1620, 'Municipio', 'Trujillo'),
(388,1620, 'Municipio', 'Urdaneta'),
(389,1620, 'Municipio', 'Valera'),
(390,1621, 'Municipio', 'Vargas'),
(391,1622, 'Municipio', 'Arístides Bastidas'),
(392,1622, 'Municipio', 'Bolívar'),
(407,1622, 'Municipio', 'Bruzual'),
(408,1622, 'Municipio', 'Cocorote'),
(409,1622, 'Municipio', 'Independencia'),
(410,1622, 'Municipio', 'José Antonio Páez'),
(411,1622, 'Municipio', 'La Trinidad'),
(412,1622, 'Municipio', 'Manuel Monge'),
(413,1622, 'Municipio', 'Nirgua'),
(414,1622, 'Municipio', 'Peña'),
(415,1622, 'Municipio', 'San Felipe'),
(416,1622, 'Municipio', 'Sucre'),
(417,1622, 'Municipio', 'Urachiche'),
(418,1622, 'Municipio', 'José Joaquín Veroes'),
(441,1623, 'Municipio', 'Almirante Padilla'),
(442,1623, 'Municipio', 'Baralt'),
(443,1623, 'Municipio', 'Cabimas'),
(444,1623, 'Municipio', 'Catatumbo'),
(445,1623, 'Municipio', 'Colón'),
(446,1623, 'Municipio', 'Francisco Javier Pulgar'),
(447,1623, 'Municipio', 'Páez'),
(448,1623, 'Municipio', 'Jesús Enrique Losada'),
(449,1623, 'Municipio', 'Jesús María Semprún'),
(450,1623, 'Municipio', 'La Cañada de Urdaneta'),
(451,1623, 'Municipio', 'Lagunillas'),
(452,1623, 'Municipio', 'Machiques de Perijá'),
(453,1623, 'Municipio', 'Mara'),
(454,1623, 'Municipio', 'Maracaibo'),
(455,1623, 'Municipio', 'Miranda'),
(456,1623, 'Municipio', 'Rosario de Perijá'),
(457,1623, 'Municipio', 'San Francisco'),
(458,1623, 'Municipio', 'Santa Rita'),
(459,1623, 'Municipio', 'Simón Bolívar'),
(460,1623, 'Municipio', 'Sucre'),
(461,1623, 'Municipio', 'Valmore Rodríguez'),
(462,1624, 'Municipio', 'Libertador');

insert into Lugar (codigo, fk_Lugar, tipo, nombre ) values
(463, 1,  'Parroquia','Alto Orinoco'),
(464, 1,  'Parroquia','Huachamacare Acanaña'),
(465, 1,  'Parroquia','Marawaka Toky Shamanaña'),
(466, 1,  'Parroquia','Mavaka Mavaka'),
(467, 1,  'Parroquia','Sierra Parima Parimabé'),
(468, 2,  'Parroquia','Ucata Laja Lisa'),
(469, 2,  'Parroquia','Yapacana Macuruco'),
(470, 2,  'Parroquia','Caname Guarinuma'),
(471, 3,  'Parroquia','Fernando Girón Tovar'),
(472, 3,  'Parroquia','Luis Alberto Gómez'),
(473, 3,  'Parroquia','Pahueña Limón de Parhueña'),
(474, 3,  'Parroquia','Platanillal Platanillal'),
(475, 4,  'Parroquia','Samariapo'),
(476, 4,  'Parroquia','Sipapo'),
(477, 4,  'Parroquia','Munduapo'),
(478, 4,  'Parroquia','Guayapo'),
(479, 5,  'Parroquia','Alto Ventuari'),
(480, 5,  'Parroquia','Medio Ventuari'),
(481, 5,  'Parroquia','Bajo Ventuari'),
(482, 6,  'Parroquia','Victorino'),
(483, 6,  'Parroquia','Comunidad'),
(484, 7,  'Parroquia','Casiquiare'),
(485, 7,  'Parroquia','Cocuy'),
(486, 7,  'Parroquia','San Carlos de Río Negro'),
(487, 7,  'Parroquia','Solano'),
(488, 8,  'Parroquia','Anaco'),
(489, 8,  'Parroquia','San Joaquín'),
(490, 9,  'Parroquia','Cachipo'),
(491, 9,  'Parroquia','Aragua de Barcelona'),
(492, 11, 'Parroquia', 'Lechería'),
(493, 11, 'Parroquia', 'El Morro'),
(494, 12, 'Parroquia', 'Puerto Píritu'),
(495, 12, 'Parroquia', 'San Miguel'),
(496, 12, 'Parroquia', 'Sucre'),
(497, 13, 'Parroquia', 'Valle de Guanape'),
(498, 13, 'Parroquia', 'Santa Bárbara'),
(499, 14, 'Parroquia', 'El Chaparro'),
(500, 14, 'Parroquia', 'Tomás Alfaro'),
(501, 14, 'Parroquia', 'Calatrava'),
(502, 15, 'Parroquia', 'Guanta'),
(503, 15, 'Parroquia', 'Chorrerón'),
(504, 16, 'Parroquia', 'Mamo'),
(505, 16, 'Parroquia', 'Soledad'),
(506, 17, 'Parroquia', 'Mapire'),
(507, 17, 'Parroquia', 'Piar'),
(508, 17, 'Parroquia', 'Santa Clara'),
(509, 17, 'Parroquia', 'San Diego de Cabrutica'),
(510, 17, 'Parroquia', 'Uverito'),
(511, 17, 'Parroquia', 'Zuata'),
(512, 18, 'Parroquia', 'Puerto La Cruz'),
(513, 18, 'Parroquia', 'Pozuelos'),
(514, 19, 'Parroquia', 'Onoto'),
(515, 19, 'Parroquia', 'San Pablo'),
(516, 20, 'Parroquia', 'San Mateo'),
(517, 20, 'Parroquia', 'El Carito'),
(518, 20, 'Parroquia', 'Santa Inés'),
(519, 20, 'Parroquia', 'La Romereña'),
(520, 21, 'Parroquia', 'Atapirire'),
(521, 21, 'Parroquia', 'Boca del Pao'),
(522, 21, 'Parroquia', 'El Pao'),
(523, 21, 'Parroquia', 'Pariaguán'),
(524, 22, 'Parroquia', 'Cantaura'),
(525, 22, 'Parroquia', 'Libertador'),
(526, 22, 'Parroquia', 'Santa Rosa'),
(527, 22, 'Parroquia', 'Urica'),
(528, 23, 'Parroquia', 'Píritu'),
(529, 23, 'Parroquia', 'San Francisco'),
(530, 24, 'Parroquia', 'San José de Guanipa'),
(531, 25, 'Parroquia', 'Boca de Uchire'),
(532, 25, 'Parroquia', 'Boca de Chávez'),
(533, 26, 'Parroquia', 'Pueblo Nuevo'),
(534, 26, 'Parroquia', 'Santa Ana'),
(535, 27, 'Parroquia', 'Bergantín'),
(536, 27, 'Parroquia', 'Caigua'),
(537, 27, 'Parroquia', 'El Carmen'),
(538, 27, 'Parroquia', 'El Pilar'),
(539, 27, 'Parroquia', 'Naricual'),
(540, 27, 'Parroquia', 'San Crsitóbal'),
(541, 28, 'Parroquia', 'Edmundo Barrios'),
(542, 28, 'Parroquia', 'Miguel Otero Silva'),
(543, 29, 'Parroquia', 'Achaguas'),
(544, 29, 'Parroquia', 'Apurito'),
(545, 29, 'Parroquia', 'El Yagual'),
(546, 29, 'Parroquia', 'Guachara'),
(547, 29, 'Parroquia', 'Mucuritas'),
(548, 29, 'Parroquia', 'Queseras del medio'),
(549, 30, 'Parroquia', 'Biruaca'),
(550, 31, 'Parroquia', 'Bruzual'),
(551, 31, 'Parroquia', 'Mantecal'),
(552, 31, 'Parroquia', 'Quintero'),
(553, 31, 'Parroquia', 'Rincón Hondo'),
(554, 31, 'Parroquia', 'San Vicente'),
(555, 32, 'Parroquia', 'Guasdualito'),
(556, 32, 'Parroquia', 'Aramendi'),
(557, 32, 'Parroquia', 'El Amparo'),
(558, 32, 'Parroquia', 'San Camilo'),
(559, 32, 'Parroquia', 'Urdaneta'),
(560, 33, 'Parroquia', 'San Juan de Payara'),
(561, 33, 'Parroquia', 'Codazzi'),
(562, 33, 'Parroquia', 'Cunaviche'),
(563, 34, 'Parroquia', 'Elorza'),
(564, 34, 'Parroquia', 'La Trinidad'),
(565, 35, 'Parroquia', 'San Fernando'),
(566, 35, 'Parroquia', 'El Recreo'),
(567, 35, 'Parroquia', 'Peñalver'),
(568, 35, 'Parroquia', 'San Rafael de Atamaica'),
(569, 36, 'Parroquia', 'Pedro José Ovalles'),
(570, 36, 'Parroquia', 'Joaquín Crespo'),
(571, 36, 'Parroquia', 'José Casanova Godoy'),
(572, 36, 'Parroquia', 'Madre María de San José'),
(573, 36, 'Parroquia', 'Andrés Eloy Blanco'),
(574, 36, 'Parroquia', 'Los Tacarigua'),
(575, 36, 'Parroquia', 'Las Delicias'),
(576, 36, 'Parroquia', 'Choroní'),
(577, 37, 'Parroquia', 'Bolívar'),
(578, 38, 'Parroquia', 'Camatagua'),
(579, 38, 'Parroquia', 'Carmen de Cura'),
(580, 39, 'Parroquia', 'Santa Rita'),
(581, 39, 'Parroquia', 'Francisco de Miranda'),
(582, 39, 'Parroquia', 'Moseñor Feliciano González'),
(583, 40, 'Parroquia', 'Santa Cruz'),
(584, 41, 'Parroquia', 'José Félix Ribas'),
(585, 41, 'Parroquia', 'Castor Nieves Ríos'),
(586, 41, 'Parroquia', 'Las Guacamayas'),
(587, 41, 'Parroquia', 'Pao de Zárate'),
(588, 41, 'Parroquia', 'Zuata'),
(589, 42, 'Parroquia', 'José Rafael Revenga'),
(590, 43, 'Parroquia', 'Palo Negro'),
(591, 43, 'Parroquia', 'San Martín de Porres'),
(592, 44, 'Parroquia', 'El Limón'),
(593, 44, 'Parroquia', 'Caña de Azúcar'),
(594, 45, 'Parroquia', 'Ocumare de la Costa'),
(595, 46, 'Parroquia', 'San Casimiro'),
(596, 46, 'Parroquia', 'Güiripa'),
(597, 46, 'Parroquia', 'Ollas de Caramacate'),
(598, 46, 'Parroquia', 'Valle Morín'),
(599, 47, 'Parroquia', 'San Sebastían'),
(600, 48, 'Parroquia', 'Turmero'),
(601, 48, 'Parroquia', 'Arevalo Aponte'),
(602, 48, 'Parroquia', 'Chuao'),
(603, 48, 'Parroquia', 'Samán de Güere'),
(604, 48, 'Parroquia', 'Alfredo Pacheco Miranda'),
(605, 49, 'Parroquia', 'Santos Michelena'),
(606, 49, 'Parroquia', 'Tiara'),
(607, 50, 'Parroquia', 'Cagua'),
(608, 50, 'Parroquia', 'Bella Vista'),
(609, 51, 'Parroquia', 'Tovar'),
(610, 52, 'Parroquia', 'Urdaneta'),
(611, 52, 'Parroquia', 'Las Peñitas'),
(612, 52, 'Parroquia', 'San Francisco de Cara'),
(613, 52, 'Parroquia', 'Taguay'),
(614, 53, 'Parroquia', 'Zamora'),
(615, 53, 'Parroquia', 'Magdaleno'),
(616, 53, 'Parroquia', 'San Francisco de Asís'),
(617, 53, 'Parroquia', 'Valles de Tucutunemo'),
(618, 53, 'Parroquia', 'Augusto Mijares'),
(619, 54, 'Parroquia', 'Sabaneta'),
(620, 54, 'Parroquia', 'Juan Antonio Rodríguez Domínguez'),
(621, 55, 'Parroquia', 'El Cantón'),
(622, 55, 'Parroquia', 'Santa Cruz de Guacas'),
(623, 55, 'Parroquia', 'Puerto Vivas'),
(624, 56, 'Parroquia', 'Ticoporo'),
(625, 56, 'Parroquia', 'Nicolás Pulido'),
(626, 56, 'Parroquia', 'Andrés Bello'),
(627, 57, 'Parroquia', 'Arismendi'),
(628, 57, 'Parroquia', 'Guadarrama'),
(629, 57, 'Parroquia', 'La Unión'),
(630, 57, 'Parroquia', 'San Antonio'),
(631, 58, 'Parroquia', 'Barinas'),
(632, 58, 'Parroquia', 'Alberto Arvelo Larriva'),
(633, 58, 'Parroquia', 'San Silvestre'),
(634, 58, 'Parroquia', 'Santa Inés'),
(635, 58, 'Parroquia', 'Santa Lucía'),
(636, 58, 'Parroquia', 'Torumos'),
(637, 58, 'Parroquia', 'El Carmen'),
(638, 58, 'Parroquia', 'Rómulo Betancourt'),
(639, 58, 'Parroquia', 'Corazón de Jesús'),
(640, 58, 'Parroquia', 'Ramón Ignacio Méndez'),
(641, 58, 'Parroquia', 'Alto Barinas'),
(642, 58, 'Parroquia', 'Manuel Palacio Fajardo'),
(643, 58, 'Parroquia', 'Juan Antonio Rodríguez Domínguez'),
(644, 58, 'Parroquia', 'Dominga Ortiz de Páez'),
(645, 59, 'Parroquia', 'Barinitas'),
(646, 59, 'Parroquia', 'Altamira de Cáceres'),
(647, 59, 'Parroquia', 'Calderas'),
(648, 60, 'Parroquia', 'Barrancas'),
(649, 60, 'Parroquia', 'El Socorro'),
(650, 60, 'Parroquia', 'Mazparrito'),
(651, 61, 'Parroquia', 'Santa Bárbara'),
(652, 61, 'Parroquia', 'Pedro Briceño Méndez'),
(653, 61, 'Parroquia', 'Ramón Ignacio Méndez'),
(654, 61, 'Parroquia', 'José Ignacio del Pumar'),
(655, 62, 'Parroquia', 'Obispos'),
(656, 62, 'Parroquia', 'Guasimitos'),
(657, 62, 'Parroquia', 'El Real'),
(658, 62, 'Parroquia', 'La Luz'),
(659, 63, 'Parroquia', 'Ciudad Bolívia'),
(660, 63, 'Parroquia', 'José Ignacio Briceño'),
(661, 63, 'Parroquia', 'José Félix Ribas'),
(662, 63, 'Parroquia', 'Páez'),
(663, 64, 'Parroquia', 'Libertad'),
(664, 64, 'Parroquia', 'Dolores'),
(665, 64, 'Parroquia', 'Santa Rosa'),
(666, 64, 'Parroquia', 'Palacio Fajardo'),
(667, 65, 'Parroquia', 'Ciudad de Nutrias'),
(668, 65, 'Parroquia', 'El Regalo'),
(669, 65, 'Parroquia', 'Puerto Nutrias'),
(670, 65, 'Parroquia', 'Santa Catalina'),
(671, 66, 'Parroquia', 'Cachamay'),
(672, 66, 'Parroquia', 'Chirica'),
(673, 66, 'Parroquia', 'Dalla Costa'),
(674, 66, 'Parroquia', 'Once de Abril'),
(675, 66, 'Parroquia', 'Simón Bolívar'),
(676, 66, 'Parroquia', 'Unare'),
(677, 66, 'Parroquia', 'Universidad'),
(678, 66, 'Parroquia', 'Vista al Sol'),
(679, 66, 'Parroquia', 'Pozo Verde'),
(680, 66, 'Parroquia', 'Yocoima'),
(681, 66, 'Parroquia', '5 de Julio'),
(682, 67, 'Parroquia', 'Cedeño'),
(683, 67, 'Parroquia', 'Altagracia'),
(684, 67, 'Parroquia', 'Ascensión Farreras'),
(685, 67, 'Parroquia', 'Guaniamo'),
(686, 67, 'Parroquia', 'La Urbana'),
(687, 67, 'Parroquia', 'Pijiguaos'),
(688, 68, 'Parroquia', 'El Callao'),
(689, 69, 'Parroquia', 'Gran Sabana'),
(690, 69, 'Parroquia', 'Ikabarú'),
(691, 70, 'Parroquia', 'Catedral'),
(692, 70, 'Parroquia', 'Zea'),
(693, 70, 'Parroquia', 'Orinoco'),
(694, 70, 'Parroquia', 'José Antonio Páez'),
(695, 70, 'Parroquia', 'Marhuanta'),
(696, 70, 'Parroquia', 'Agua Salada'),
(697, 70, 'Parroquia', 'Vista Hermosa'),
(698, 70, 'Parroquia', 'La Sabanita'),
(699, 70, 'Parroquia', 'Panapana'),
(700, 71, 'Parroquia', 'Andrés Eloy Blanco'),
(701, 71, 'Parroquia', 'Pedro Cova'),
(702, 72, 'Parroquia', 'Raúl Leoni'),
(703, 72, 'Parroquia', 'Barceloneta'),
(704, 72, 'Parroquia', 'Santa Bárbara'),
(705, 72, 'Parroquia', 'San Francisco'),
(706, 73, 'Parroquia', 'Roscio'),
(707, 73, 'Parroquia', 'Salóm'),
(708, 74, 'Parroquia', 'Sifontes'),
(709, 74, 'Parroquia', 'Dalla Costa'),
(710, 74, 'Parroquia', 'San Isidro'),
(711, 75, 'Parroquia', 'Sucre'),
(712, 75, 'Parroquia', 'Aripao'),
(713, 75, 'Parroquia', 'Guarataro'),
(714, 75, 'Parroquia', 'Las Majadas'),
(715, 75, 'Parroquia', 'Moitaco'),
(716, 76, 'Parroquia', 'Padre Pedro Chien'),
(717, 76, 'Parroquia', 'Río Grande'),
(718, 77, 'Parroquia', 'Bejuma'),
(719, 77, 'Parroquia', 'Canoabo'),
(720, 77, 'Parroquia', 'Simón Bolívar'),
(721, 78, 'Parroquia', 'Güigüe'),
(722, 78, 'Parroquia', 'Carabobo'),
(723, 78, 'Parroquia', 'Tacarigua'),
(724, 79, 'Parroquia', 'Mariara'),
(725, 79, 'Parroquia', 'Aguas Calientes'),
(726, 80, 'Parroquia', 'Ciudad Alianza'),
(727, 80, 'Parroquia', 'Guacara'),
(728, 80, 'Parroquia', 'Yagua'),
(729, 81, 'Parroquia', 'Morón'),
(730, 81, 'Parroquia', 'Yagua'),
(731, 82, 'Parroquia', 'Tocuyito'),
(732, 82, 'Parroquia', 'Independencia'),
(733, 83, 'Parroquia', 'Los Guayos'),
(734, 84, 'Parroquia', 'Miranda'),
(735, 85, 'Parroquia', 'Montalbán'),
(736, 86, 'Parroquia', 'Naguanagua'),
(737, 87, 'Parroquia', 'Bartolomé Salóm'),
(738, 87, 'Parroquia', 'Democracia'),
(739, 87, 'Parroquia', 'Fraternidad'),
(740, 87, 'Parroquia', 'Goaigoaza'),
(741, 87, 'Parroquia', 'Juan José Flores'),
(742, 87, 'Parroquia', 'Unión'),
(743, 87, 'Parroquia', 'Borburata'),
(744, 87, 'Parroquia', 'Patanemo'),
(745, 88, 'Parroquia', 'San Diego'),
(746, 89, 'Parroquia', 'San Joaquín'),
(747, 90, 'Parroquia', 'Candelaria'),
(748, 90, 'Parroquia', 'Catedral'),
(749, 90, 'Parroquia', 'El Socorro'),
(750, 90, 'Parroquia', 'Miguel Peña'),
(751, 90, 'Parroquia', 'Rafael Urdaneta'),
(752, 90, 'Parroquia', 'San Blas'),
(753, 90, 'Parroquia', 'San José'),
(754, 90, 'Parroquia', 'Santa Rosa'),
(755, 90, 'Parroquia', 'Negro Primero'),
(756, 91, 'Parroquia', 'Cojedes'),
(757, 91, 'Parroquia', 'Juan de Mata Suárez'),
(758, 92, 'Parroquia', 'Tinaquillo'),
(759, 93, 'Parroquia', 'El Baúl'),
(760, 93, 'Parroquia', 'Sucre'),
(761, 94, 'Parroquia', 'La Aguadita'),
(762, 94, 'Parroquia', 'Macapo'),
(763, 95, 'Parroquia', 'El Pao'),
(764, 96, 'Parroquia', 'El Amparo'),
(765, 96, 'Parroquia', 'Libertad de Cojedes'),
(766, 97, 'Parroquia', 'Rómulo Gallegos'),
(767, 98, 'Parroquia', 'San Carlos de Austria'),
(768, 98, 'Parroquia', 'Juan Ángel Bravo'),
(769, 98, 'Parroquia', 'Manuel Manrique'),
(770, 99, 'Parroquia', 'General en Jefe José Laurencio Silva'),
(771, 100, 'Parroquia', 'Curiapo'),
(772, 100, 'Parroquia', 'Almirante Luis Brión'),
(773, 100, 'Parroquia', 'Francisco Aniceto Lugo'),
(774, 100, 'Parroquia', 'Manuel Renaud'),
(775, 100, 'Parroquia', 'Padre Barral'),
(776, 100, 'Parroquia', 'Santos de Abelgas'),
(777, 101, 'Parroquia', 'Imataca'),
(778, 101, 'Parroquia', 'Cinco de Julio'),
(779, 101, 'Parroquia', 'Juan Bautista Arismendi'),
(780, 101, 'Parroquia', 'Manuel Piar'),
(781, 101, 'Parroquia', 'Rómulo Gallegos'),
(782, 102, 'Parroquia', 'Pedernales'),
(783, 102, 'Parroquia', 'Luis Beltrán Prieto Figueroa'),
(784, 103, 'Parroquia', 'San José (Delta Amacuro)'),
(785, 103, 'Parroquia', 'José Vidal Marcano'),
(786, 103, 'Parroquia', 'Juan Millán'),
(787, 103, 'Parroquia', 'Leonardo Ruíz Pineda'),
(788, 103, 'Parroquia', 'Mariscal Antonio José de Sucre'),
(789, 103, 'Parroquia', 'Monseñor Argimiro García'),
(790, 103, 'Parroquia', 'San Rafael (Delta Amacuro)'),
(791, 103, 'Parroquia', 'Virgen del Valle'),
(792, 10,  'Parroquia','Clarines'),
(793, 10,  'Parroquia','Guanape'),
(794, 10,  'Parroquia','Sabana de Uchire'),
(795, 104, 'Parroquia', 'Capadare'),
(796, 104, 'Parroquia', 'La Pastora'),
(797, 104, 'Parroquia', 'Libertador'),
(798, 104, 'Parroquia', 'San Juan de los Cayos'),
(799, 105, 'Parroquia', 'Aracua'),
(800, 105, 'Parroquia', 'La Peña'),
(801, 105, 'Parroquia', 'San Luis'),
(802, 106, 'Parroquia', 'Bariro'),
(803, 106, 'Parroquia', 'Borojó'),
(804, 106, 'Parroquia', 'Capatárida'),
(805, 106, 'Parroquia', 'Guajiro'),
(806, 106, 'Parroquia', 'Seque'),
(807, 106, 'Parroquia', 'Zazárida'),
(808, 106, 'Parroquia', 'Valle de Eroa'),
(809, 107, 'Parroquia', 'Cacique Manaure'),
(810, 108, 'Parroquia', 'Norte'),
(811, 108, 'Parroquia', 'Carirubana'),
(812, 108, 'Parroquia', 'Santa Ana'),
(813, 108, 'Parroquia', 'Urbana Punta Cardón'),
(814, 109, 'Parroquia', 'La Vela de Coro'),
(815, 109, 'Parroquia', 'Acurigua'),
(816, 109, 'Parroquia', 'Guaibacoa'),
(817, 109, 'Parroquia', 'Las Calderas'),
(818, 109, 'Parroquia', 'Macoruca'),
(819, 110, 'Parroquia', 'Dabajuro'),
(820, 111, 'Parroquia', 'Agua Clara'),
(821, 111, 'Parroquia', 'Avaria'),
(822, 111, 'Parroquia', 'Pedregal'),
(823, 111, 'Parroquia', 'Piedra Grande'),
(824, 111, 'Parroquia', 'Purureche'),
(825, 112, 'Parroquia', 'Adaure'),
(826, 112, 'Parroquia', 'Adícora'),
(827, 112, 'Parroquia', 'Baraived'),
(828, 112, 'Parroquia', 'Buena Vista'),
(829, 112, 'Parroquia', 'Jadacaquiva'),
(830, 112, 'Parroquia', 'El Vínculo'),
(831, 112, 'Parroquia', 'El Hato'),
(832, 112, 'Parroquia', 'Moruy'),
(833, 112, 'Parroquia', 'Pueblo Nuevo'),
(834, 113, 'Parroquia', 'Agua Larga'),
(835, 113, 'Parroquia', 'El Paují'),
(836, 113, 'Parroquia', 'Independencia'),
(837, 113, 'Parroquia', 'Mapararí'),
(838, 114, 'Parroquia', 'Agua Linda'),
(839, 114, 'Parroquia', 'Araurima'),
(840, 114, 'Parroquia', 'Jacura'),
(841, 115, 'Parroquia', 'Tucacas'),
(842, 115, 'Parroquia', 'Boca de Aroa'),
(843, 116, 'Parroquia', 'Los Taques'),
(844, 116, 'Parroquia', 'Judibana'),
(845, 117, 'Parroquia', 'Mene de Mauroa'),
(846, 117, 'Parroquia', 'San Félix'),
(847, 117, 'Parroquia', 'Casigua'),
(848, 118, 'Parroquia', 'Guzmán Guillermo'),
(849, 118, 'Parroquia', 'Mitare'),
(850, 118, 'Parroquia', 'Río Seco'),
(851, 118, 'Parroquia', 'Sabaneta'),
(852, 118, 'Parroquia', 'San Antonio'),
(853, 118, 'Parroquia', 'San Gabriel'),
(854, 118, 'Parroquia', 'Santa Ana'),
(855, 119, 'Parroquia', 'Boca del Tocuyo'),
(856, 119, 'Parroquia', 'Chichiriviche'),
(857, 119, 'Parroquia', 'Tocuyo de la Costa'),
(858, 120, 'Parroquia', 'Palmasola'),
(859, 121, 'Parroquia', 'Cabure'),
(860, 121, 'Parroquia', 'Colina'),
(861, 121, 'Parroquia', 'Curimagua'),
(862, 122, 'Parroquia', 'San José de la Costa'),
(863, 122, 'Parroquia', 'Píritu'),
(864, 123, 'Parroquia', 'San Francisco'),
(865, 124, 'Parroquia', 'Sucre'),
(866, 124, 'Parroquia', 'Pecaya'),
(867, 125, 'Parroquia', 'Tocópero'),
(868, 126, 'Parroquia', 'El Charal'),
(869, 126, 'Parroquia', 'Las Vegas del Tuy'),
(870, 126, 'Parroquia', 'Santa Cruz de Bucaral'),
(871, 127, 'Parroquia', 'Bruzual'),
(872, 127, 'Parroquia', 'Urumaco'),
(873, 128, 'Parroquia', 'Puerto Cumarebo'),
(874, 128, 'Parroquia', 'La Ciénaga'),
(875, 128, 'Parroquia', 'La Soledad'),
(876, 128, 'Parroquia', 'Pueblo Cumarebo'),
(877, 128, 'Parroquia', 'Zazárida'),
(878, 113, 'Parroquia', 'Churuguara'),
(879, 129, 'Parroquia', 'Camaguán'),
(880, 129, 'Parroquia', 'Puerto Miranda'),
(881, 129, 'Parroquia', 'Uverito'),
(882, 130, 'Parroquia', 'Chaguaramas'),
(883, 131, 'Parroquia', 'El Socorro'),
(884, 132, 'Parroquia', 'Tucupido'),
(885, 132, 'Parroquia', 'San Rafael de Laya'),
(886, 133, 'Parroquia', 'Altagracia de Orituco'),
(887, 133, 'Parroquia', 'San Rafael de Orituco'),
(888, 133, 'Parroquia', 'San Francisco Javier de Lezama'),
(889, 133, 'Parroquia', 'Paso Real de Macaira'),
(890, 133, 'Parroquia', 'Carlos Soublette'),
(891, 133, 'Parroquia', 'San Francisco de Macaira'),
(892, 133, 'Parroquia', 'Libertad de Orituco'),
(893, 134, 'Parroquia', 'Cantaclaro'),
(894, 134, 'Parroquia', 'San Juan de los Morros'),
(895, 134, 'Parroquia', 'Parapara'),
(896, 135, 'Parroquia', 'El Sombrero'),
(897, 135, 'Parroquia', 'Sosa'),
(898, 136, 'Parroquia', 'Las Mercedes'),
(899, 136, 'Parroquia', 'Cabruta'),
(900, 136, 'Parroquia', 'Santa Rita de Manapire'),
(901, 137, 'Parroquia', 'Valle de la Pascua'),
(902, 137, 'Parroquia', 'Espino'),
(903, 138, 'Parroquia', 'San José de Unare'),
(904, 138, 'Parroquia', 'Zaraza'),
(905, 139, 'Parroquia', 'San José de Tiznados'),
(906, 139, 'Parroquia', 'San Francisco de Tiznados'),
(907, 139, 'Parroquia', 'San Lorenzo de Tiznados'),
(908, 139, 'Parroquia', 'Ortiz'),
(909, 140, 'Parroquia', 'Guayabal'),
(910, 140, 'Parroquia', 'Cazorla'),
(911, 141, 'Parroquia', 'San José de Guaribe'),
(912, 141, 'Parroquia', 'Uveral'),
(913, 142, 'Parroquia', 'Santa María de Ipire'),
(914, 142, 'Parroquia', 'Altamira'),
(915, 143, 'Parroquia', 'El Calvario'),
(916, 143, 'Parroquia', 'El Rastro'),
(917, 143, 'Parroquia', 'Guardatinajas'),
(918, 143, 'Parroquia', 'Capital Urbana Calabozo'),
(919, 144, 'Parroquia', 'Quebrada Honda de Guache'),
(920, 144, 'Parroquia', 'Pío Tamayo'),
(921, 144, 'Parroquia', 'Yacambú'),
(922, 145, 'Parroquia', 'Fréitez'),
(923, 145, 'Parroquia', 'José María Blanco'),
(924, 146, 'Parroquia', 'Catedral'),
(925, 146, 'Parroquia', 'Concepción'),
(926, 146, 'Parroquia', 'El Cují'),
(927, 146, 'Parroquia', 'Juan de Villegas'),
(928, 146, 'Parroquia', 'Santa Rosa'),
(929, 146, 'Parroquia', 'Tamaca'),
(930, 146, 'Parroquia', 'Unión'),
(931, 146, 'Parroquia', 'Aguedo Felipe Alvarado'),
(932, 146, 'Parroquia', 'Buena Vista'),
(933, 146, 'Parroquia', 'Juárez'),
(934, 147, 'Parroquia', 'Juan Bautista Rodríguez'),
(935, 147, 'Parroquia', 'Cuara'),
(936, 147, 'Parroquia', 'Diego de Lozada'),
(937, 147, 'Parroquia', 'Paraíso de San José'),
(938, 147, 'Parroquia', 'San Miguel'),
(939, 147, 'Parroquia', 'Tintorero'),
(940, 147, 'Parroquia', 'José Bernardo Dorante'),
(941, 147, 'Parroquia', 'Coronel Mariano Peraza '),
(942, 148, 'Parroquia', 'Bolívar'),
(943, 148, 'Parroquia', 'Anzoátegui'),
(944, 148, 'Parroquia', 'Guarico'),
(945, 148, 'Parroquia', 'Hilario Luna y Luna'),
(946, 148, 'Parroquia', 'Humocaro Alto'),
(947, 148, 'Parroquia', 'Humocaro Bajo'),
(948, 148, 'Parroquia', 'La Candelaria'),
(949, 148, 'Parroquia', 'Morán'),
(950, 149, 'Parroquia', 'Cabudare'),
(951, 149, 'Parroquia', 'José Gregorio Bastidas'),
(952, 149, 'Parroquia', 'Agua Viva'),
(953, 150, 'Parroquia', 'Sarare'),
(954, 150, 'Parroquia', 'Buría'),
(955, 150, 'Parroquia', 'Gustavo Vegas León'),
(956, 151, 'Parroquia', 'Trinidad Samuel'),
(957, 151, 'Parroquia', 'Antonio Díaz'),
(958, 151, 'Parroquia', 'Camacaro'),
(959, 151, 'Parroquia', 'Castañeda'),
(960, 151, 'Parroquia', 'Cecilio Zubillaga'),
(961, 151, 'Parroquia', 'Chiquinquirá'),
(962, 151, 'Parroquia', 'El Blanco'),
(963, 151, 'Parroquia', 'Espinoza de los Monteros'),
(964, 151, 'Parroquia', 'Lara'),
(965, 151, 'Parroquia', 'Las Mercedes'),
(966, 151, 'Parroquia', 'Manuel Morillo'),
(967, 151, 'Parroquia', 'Montaña Verde'),
(968, 151, 'Parroquia', 'Montes de Oca'),
(969, 151, 'Parroquia', 'Torres'),
(970, 151, 'Parroquia', 'Heriberto Arroyo'),
(971, 151, 'Parroquia', 'Reyes Vargas'),
(972, 151, 'Parroquia', 'Altagracia'),
(973, 152, 'Parroquia', 'Siquisique'),
(974, 152, 'Parroquia', 'Moroturo'),
(975, 152, 'Parroquia', 'San Miguel'),
(976, 152, 'Parroquia', 'Xaguas'),
(977, 179, 'Parroquia', 'Presidente Betancourt'),
(978, 179, 'Parroquia', 'Presidente Páez'),
(979, 179, 'Parroquia', 'Presidente Rómulo Gallegos'),
(980, 179, 'Parroquia', 'Gabriel Picón González'),
(981, 179, 'Parroquia', 'Héctor Amable Mora'),
(982, 179, 'Parroquia', 'José Nucete Sardi'),
(983, 179, 'Parroquia', 'Pulido Méndez'),
(984, 180, 'Parroquia', 'La Azulita'),
(985, 181, 'Parroquia', 'Santa Cruz de Mora'),
(986, 181, 'Parroquia', 'Mesa Bolívar'),
(987, 181, 'Parroquia', 'Mesa de Las Palmas'),
(988, 182, 'Parroquia', 'Aricagua'),
(989, 182, 'Parroquia', 'San Antonio'),
(990, 183, 'Parroquia', 'Canagua'),
(991, 183, 'Parroquia', 'Capurí'),
(992, 183, 'Parroquia', 'Chacantá'),
(993, 183, 'Parroquia', 'El Molino'),
(994, 183, 'Parroquia', 'Guaimaral'),
(995, 183, 'Parroquia', 'Mucutuy'),
(996, 183, 'Parroquia', 'Mucuchachí'),
(997, 184, 'Parroquia', 'Fernández Peña'),
(998, 184, 'Parroquia', 'Matriz'),
(999, 184, 'Parroquia', 'Montalbán'),
(1000, 184, 'Parroquia', 'Acequias'),
(1001, 184, 'Parroquia', 'Jají'),
(1002, 184, 'Parroquia', 'La Mesa'),
(1003, 184, 'Parroquia', 'San José del Sur'),
(1004, 185, 'Parroquia', 'Tucaní'),
(1005, 185, 'Parroquia', 'Florencio Ramírez'),
(1006, 186, 'Parroquia', 'Santo Domingo'),
(1007, 186, 'Parroquia', 'Las Piedras'),
(1008, 187, 'Parroquia', 'Guaraque'),
(1009, 187, 'Parroquia', 'Mesa de Quintero'),
(1010, 187, 'Parroquia', 'Río Negro'),
(1011, 188, 'Parroquia', 'Arapuey'),
(1012, 188, 'Parroquia', 'Palmira'),
(1013, 189, 'Parroquia', 'San Cristóbal de Torondoy'),
(1014, 189, 'Parroquia', 'Torondoy'),
(1015, 190, 'Parroquia', 'Antonio Spinetti Dini'),
(1016, 190, 'Parroquia', 'Arias'),
(1017, 190, 'Parroquia', 'Caracciolo Parra Pérez'),
(1018, 190, 'Parroquia', 'Domingo Peña'),
(1019, 190, 'Parroquia', 'El Llano'),
(1020, 190, 'Parroquia', 'Gonzalo Picón Febres'),
(1021, 190, 'Parroquia', 'Jacinto Plaza'),
(1022, 190, 'Parroquia', 'Juan Rodríguez Suárez'),
(1023, 190, 'Parroquia', 'Lasso de la Vega'),
(1024, 190, 'Parroquia', 'Mariano Picón Salas'),
(1025, 190, 'Parroquia', 'Milla'),
(1026, 190, 'Parroquia', 'Osuna Rodríguez'),
(1027, 190, 'Parroquia', 'Sagrario'),
(1028, 190, 'Parroquia', 'El Morro'),
(1029, 190, 'Parroquia', 'Los Nevados'),
(1030, 191, 'Parroquia', 'Andrés Eloy Blanco'),
(1031, 191, 'Parroquia', 'La Venta'),
(1032, 191, 'Parroquia', 'Piñango'),
(1033, 191, 'Parroquia', 'Timotes'),
(1034, 192, 'Parroquia', 'Eloy Paredes'),
(1035, 192, 'Parroquia', 'San Rafael de Alcázar'),
(1036, 192, 'Parroquia', 'Santa Elena de Arenales'),
(1037, 193, 'Parroquia', 'Santa María de Caparo'),
(1038, 194, 'Parroquia', 'Pueblo Llano'),
(1039, 195, 'Parroquia', 'Cacute'),
(1040, 195, 'Parroquia', 'La Toma'),
(1041, 195, 'Parroquia', 'Mucuchíes'),
(1042, 195, 'Parroquia', 'Mucurubá'),
(1043, 195, 'Parroquia', 'San Rafael'),
(1044, 196, 'Parroquia', 'Gerónimo Maldonado'),
(1045, 196, 'Parroquia', 'Bailadores'),
(1046, 197, 'Parroquia', 'Tabay'),
(1047, 198, 'Parroquia', 'Chiguará'),
(1048, 198, 'Parroquia', 'Estánquez'),
(1049, 198, 'Parroquia', 'Lagunillas'),
(1050, 198, 'Parroquia', 'La Trampa'),
(1051, 198, 'Parroquia', 'Pueblo Nuevo del Sur'),
(1052, 198, 'Parroquia', 'San Juan'),
(1053, 199, 'Parroquia', 'El Amparo'),
(1054, 199, 'Parroquia', 'El Llano'),
(1055, 199, 'Parroquia', 'San Francisco'),
(1056, 199, 'Parroquia', 'Tovar'),
(1057, 200, 'Parroquia', 'Independencia'),
(1058, 200, 'Parroquia', 'María de la Concepción Palacios Blanco'),
(1059, 200, 'Parroquia', 'Nueva Bolivia'),
(1060, 200, 'Parroquia', 'Santa Apolonia'),
(1061, 201, 'Parroquia', 'Caño El Tigre'),
(1062, 201, 'Parroquia', 'Zea'),
(1063, 223, 'Parroquia', 'Aragüita'),
(1064, 223, 'Parroquia', 'Arévalo González'),
(1065, 223, 'Parroquia', 'Capaya'),
(1066, 223, 'Parroquia', 'Caucagua'),
(1067, 223, 'Parroquia', 'Panaquire'),
(1068, 223, 'Parroquia', 'Ribas'),
(1069, 223, 'Parroquia', 'El Café'),
(1070, 223, 'Parroquia', 'Marizapa'),
(1071, 224, 'Parroquia', 'Cumbo'),
(1072, 224, 'Parroquia', 'San José de Barlovento'),
(1073, 225, 'Parroquia', 'El Cafetal'),
(1074, 225, 'Parroquia', 'Las Minas'),
(1075, 225, 'Parroquia', 'Nuestra Señora del Rosario'),
(1076, 226, 'Parroquia', 'Higuerote'),
(1077, 226, 'Parroquia', 'Curiepe'),
(1078, 226, 'Parroquia', 'Tacarigua de Brión'),
(1079, 227, 'Parroquia', 'Mamporal'),
(1080, 228, 'Parroquia', 'Carrizal'),
(1081, 229, 'Parroquia', 'Chacao'),
(1082, 230, 'Parroquia', 'Charallave'),
(1083, 230, 'Parroquia', 'Las Brisas'),
(1084, 231, 'Parroquia', 'El Hatillo'),
(1085, 232, 'Parroquia', 'Altagracia de la Montaña'),
(1086, 232, 'Parroquia', 'Cecilio Acosta'),
(1087, 232, 'Parroquia', 'Los Teques'),
(1088, 232, 'Parroquia', 'El Jarillo'),
(1089, 232, 'Parroquia', 'San Pedro'),
(1090, 232, 'Parroquia', 'Tácata'),
(1091, 232, 'Parroquia', 'Paracotos'),
(1092, 233, 'Parroquia', 'Cartanal'),
(1093, 233, 'Parroquia', 'Santa Teresa del Tuy'),
(1094, 234, 'Parroquia', 'La Democracia'),
(1095, 234, 'Parroquia', 'Ocumare del Tuy'),
(1096, 234, 'Parroquia', 'Santa Bárbara'),
(1097, 235, 'Parroquia', 'San Antonio de los Altos'),
(1098, 236, 'Parroquia', 'Río Chico'),
(1099, 236, 'Parroquia', 'El Guapo'),
(1100, 236, 'Parroquia', 'Tacarigua de la Laguna'),
(1101, 236, 'Parroquia', 'Paparo'),
(1102, 236, 'Parroquia', 'San Fernando del Guapo'),
(1103, 237, 'Parroquia', 'Santa Lucía del Tuy'),
(1104, 238, 'Parroquia', 'Cúpira'),
(1105, 238, 'Parroquia', 'Machurucuto'),
(1106, 239, 'Parroquia', 'Guarenas'),
(1107, 240, 'Parroquia', 'San Antonio de Yare'),
(1108, 240, 'Parroquia', 'San Francisco de Yare'),
(1109, 241, 'Parroquia', 'Leoncio Martínez'),
(1110, 241, 'Parroquia', 'Petare'),
(1111, 241, 'Parroquia', 'Caucagüita'),
(1112, 241, 'Parroquia', 'Filas de Mariche'),
(1113, 241, 'Parroquia', 'La Dolorita'),
(1114, 242, 'Parroquia', 'Cúa'),
(1115, 242, 'Parroquia', 'Nueva Cúa'),
(1116, 243, 'Parroquia', 'Guatire'),
(1117, 243, 'Parroquia', 'Bolívar'),
(1118, 258, 'Parroquia', 'San Antonio de Maturín'),
(1119, 258, 'Parroquia', 'San Francisco de Maturín'),
(1120, 259, 'Parroquia', 'Aguasay'),
(1121, 260, 'Parroquia', 'Caripito'),
(1122, 261, 'Parroquia', 'El Guácharo'),
(1123, 261, 'Parroquia', 'La Guanota'),
(1124, 261, 'Parroquia', 'Sabana de Piedra'),
(1125, 261, 'Parroquia', 'San Agustín'),
(1126, 261, 'Parroquia', 'Teresen'),
(1127, 261, 'Parroquia', 'Caripe'),
(1128, 262, 'Parroquia', 'Areo'),
(1129, 262, 'Parroquia', 'Capital Cedeño'),
(1130, 262, 'Parroquia', 'San Félix de Cantalicio'),
(1131, 262, 'Parroquia', 'Viento Fresco'),
(1132, 263, 'Parroquia', 'El Tejero'),
(1133, 263, 'Parroquia', 'Punta de Mata'),
(1134, 264, 'Parroquia', 'Chaguaramas'),
(1135, 264, 'Parroquia', 'Las Alhuacas'),
(1136, 264, 'Parroquia', 'Tabasca'),
(1137, 264, 'Parroquia', 'Temblador'),
(1138, 265, 'Parroquia', 'Alto de los Godos'),
(1139, 265, 'Parroquia', 'Boquerón'),
(1140, 265, 'Parroquia', 'Las Cocuizas'),
(1141, 265, 'Parroquia', 'La Cruz'),
(1142, 265, 'Parroquia', 'San Simón'),
(1143, 265, 'Parroquia', 'El Corozo'),
(1144, 265, 'Parroquia', 'El Furrial'),
(1145, 265, 'Parroquia', 'Jusepín'),
(1146, 265, 'Parroquia', 'La Pica'),
(1147, 265, 'Parroquia', 'San Vicente'),
(1148, 266, 'Parroquia', 'Aparicio'),
(1149, 266, 'Parroquia', 'Aragua de Maturín'),
(1150, 266, 'Parroquia', 'Chaguamal'),
(1151, 266, 'Parroquia', 'El Pinto'),
(1152, 266, 'Parroquia', 'Guanaguana'),
(1153, 266, 'Parroquia', 'La Toscana'),
(1154, 266, 'Parroquia', 'Taguaya'),
(1155, 267, 'Parroquia', 'Cachipo'),
(1156, 267, 'Parroquia', 'Quiriquire'),
(1157, 268, 'Parroquia', 'Santa Bárbara'),
(1158, 269, 'Parroquia', 'Barrancas'),
(1159, 269, 'Parroquia', 'Los Barrancos de Fajardo'),
(1160, 270, 'Parroquia', 'Uracoa'),
(1161, 271, 'Parroquia', 'Antolín del Campo'),
(1162, 272, 'Parroquia', 'Arismendi'),
(1163, 273, 'Parroquia', 'García'),
(1164, 273, 'Parroquia', 'Francisco Fajardo'),
(1165, 274, 'Parroquia', 'Bolívar'),
(1166, 274, 'Parroquia', 'Guevara'),
(1167, 274, 'Parroquia', 'Matasiete'),
(1168, 274, 'Parroquia', 'Santa Ana'),
(1169, 274, 'Parroquia', 'Sucre'),
(1170, 275, 'Parroquia', 'Aguirre'),
(1171, 275, 'Parroquia', 'Maneiro'),
(1172, 276, 'Parroquia', 'Adrián'),
(1173, 276, 'Parroquia', 'Juan Griego'),
(1174, 276, 'Parroquia', 'Yaguaraparo'),
(1175, 277, 'Parroquia', 'Porlamar'),
(1176, 278, 'Parroquia', 'San Francisco de Macanao'),
(1177, 278, 'Parroquia', 'Boca de Río'),
(1178, 279, 'Parroquia', 'Tubores'),
(1179, 279, 'Parroquia', 'Los Baleales'),
(1180, 280, 'Parroquia', 'Vicente Fuentes'),
(1181, 280, 'Parroquia', 'Villalba'),
(1182, 281, 'Parroquia', 'San Juan Bautista'),
(1183, 281, 'Parroquia', 'Zabala'),
(1184, 283, 'Parroquia', 'Capital Araure'),
(1185, 283, 'Parroquia', 'Río Acarigua'),
(1186, 284, 'Parroquia', 'Capital Esteller'),
(1187, 284, 'Parroquia', 'Uveral'),
(1188, 285, 'Parroquia', 'Guanare'),
(1189, 285, 'Parroquia', 'Córdoba'),
(1190, 285, 'Parroquia', 'San José de la Montaña'),
(1191, 285, 'Parroquia', 'San Juan de Guanaguanare'),
(1192, 285, 'Parroquia', 'Virgen de la Coromoto'),
(1193, 286, 'Parroquia', 'Guanarito'),
(1194, 286, 'Parroquia', 'Trinidad de la Capilla'),
(1195, 286, 'Parroquia', 'Divina Pastora'),
(1196, 287, 'Parroquia', 'Monseñor José Vicente de Unda'),
(1197, 287, 'Parroquia', 'Peña Blanca'),
(1198, 288, 'Parroquia', 'Capital Ospino'),
(1199, 288, 'Parroquia', 'Aparición'),
(1200, 288, 'Parroquia', 'La Estación'),
(1201, 289, 'Parroquia', 'Páez'),
(1202, 289, 'Parroquia', 'Payara'),
(1203, 289, 'Parroquia', 'Pimpinela'),
(1204, 289, 'Parroquia', 'Ramón Peraza'),
(1205, 290, 'Parroquia', 'Papelón'),
(1206, 290, 'Parroquia', 'Caño Delgadito'),
(1207, 291, 'Parroquia', 'San Genaro de Boconoito'),
(1208, 291, 'Parroquia', 'Antolín Tovar'),
(1209, 292, 'Parroquia', 'San Rafael de Onoto'),
(1210, 292, 'Parroquia', 'Santa Fe'),
(1211, 292, 'Parroquia', 'Thermo Morles'),
(1212, 293, 'Parroquia', 'Santa Rosalía'),
(1213, 293, 'Parroquia', 'Florida'),
(1214, 294, 'Parroquia', 'Sucre'),
(1215, 294, 'Parroquia', 'Concepción'),
(1216, 294, 'Parroquia', 'San Rafael de Palo Alzado'),
(1217, 294, 'Parroquia', 'Uvencio Antonio Velásquez'),
(1218, 294, 'Parroquia', 'San José de Saguaz'),
(1219, 294, 'Parroquia', 'Villa Rosa'),
(1220, 295, 'Parroquia', 'Turén'),
(1221, 295, 'Parroquia', 'Canelones'),
(1222, 295, 'Parroquia', 'Santa Cruz'),
(1223, 295, 'Parroquia', 'San Isidro Labrador'),
(1224, 296, 'Parroquia', 'Mariño'),
(1225, 296, 'Parroquia', 'Rómulo Gallegos'),
(1226, 297, 'Parroquia', 'San José de Aerocuar'),
(1227, 297, 'Parroquia', 'Tavera Acosta'),
(1228, 298, 'Parroquia', 'Río Caribe'),
(1229, 298, 'Parroquia', 'Antonio José de Sucre'),
(1230, 298, 'Parroquia', 'El Morro de Puerto Santo'),
(1231, 298, 'Parroquia', 'Puerto Santo'),
(1232, 298, 'Parroquia', 'San Juan de las Galdonas'),
(1233, 299, 'Parroquia', 'El Pilar'),
(1234, 299, 'Parroquia', 'El Rincón'),
(1235, 299, 'Parroquia', 'General Francisco Antonio Váquez'),
(1236, 299, 'Parroquia', 'Guaraúnos'),
(1237, 299, 'Parroquia', 'Tunapuicito'),
(1238, 299, 'Parroquia', 'Unión'),
(1239, 300, 'Parroquia', 'Santa Catalina'),
(1240, 300, 'Parroquia', 'Santa Rosa'),
(1241, 300, 'Parroquia', 'Santa Teresa'),
(1242, 300, 'Parroquia', 'Bolívar'),
(1243, 300, 'Parroquia', 'Maracapana'),
(1244, 302, 'Parroquia', 'Libertad'),
(1245, 302, 'Parroquia', 'El Paujil'),
(1246, 302, 'Parroquia', 'Yaguaraparo'),
(1247, 303, 'Parroquia', 'Cruz Salmerón Acosta'),
(1248, 303, 'Parroquia', 'Chacopata'),
(1249, 303, 'Parroquia', 'Manicuare'),
(1250, 304, 'Parroquia', 'Tunapuy'),
(1251, 304, 'Parroquia', 'Campo Elías'),
(1252, 305, 'Parroquia', 'Irapa'),
(1253, 305, 'Parroquia', 'Campo Claro'),
(1254, 305, 'Parroquia', 'Maraval'),
(1255, 305, 'Parroquia', 'San Antonio de Irapa'),
(1256, 305, 'Parroquia', 'Soro'),
(1257, 306, 'Parroquia', 'Mejía'),
(1258, 307, 'Parroquia', 'Cumanacoa'),
(1259, 307, 'Parroquia', 'Arenas'),
(1260, 307, 'Parroquia', 'Aricagua'),
(1261, 307, 'Parroquia', 'Cogollar'),
(1262, 307, 'Parroquia', 'San Fernando'),
(1263, 307, 'Parroquia', 'San Lorenzo'),
(1264, 308, 'Parroquia', 'Villa Frontado (Muelle de Cariaco)'),
(1265, 308, 'Parroquia', 'Catuaro'),
(1266, 308, 'Parroquia', 'Rendón'),
(1267, 308, 'Parroquia', 'San Cruz'),
(1268, 308, 'Parroquia', 'Santa María'),
(1269, 309, 'Parroquia', 'Altagracia'),
(1270, 309, 'Parroquia', 'Santa Inés'),
(1271, 309, 'Parroquia', 'Valentín Valiente'),
(1272, 309, 'Parroquia', 'Ayacucho'),
(1273, 309, 'Parroquia', 'San Juan'),
(1274, 309, 'Parroquia', 'Raúl Leoni'),
(1275, 309, 'Parroquia', 'Gran Mariscal'),
(1276, 310, 'Parroquia', 'Cristóbal Colón'),
(1277, 310, 'Parroquia', 'Bideau'),
(1278, 310, 'Parroquia', 'Punta de Piedras'),
(1279, 310, 'Parroquia', 'Güiria'),
(1280, 341, 'Parroquia', 'Andrés Bello'),
(1281, 342, 'Parroquia', 'Antonio Rómulo Costa'),
(1282, 343, 'Parroquia', 'Ayacucho'),
(1283, 343, 'Parroquia', 'Rivas Berti'),
(1284, 343, 'Parroquia', 'San Pedro del Río'),
(1285, 344, 'Parroquia', 'Bolívar'),
(1286, 344, 'Parroquia', 'Palotal'),
(1287, 344, 'Parroquia', 'General Juan Vicente Gómez'),
(1288, 344, 'Parroquia', 'Isaías Medina Angarita'),
(1289, 345, 'Parroquia', 'Cárdenas'),
(1290, 345, 'Parroquia', 'Amenodoro Ángel Lamus'),
(1291, 345, 'Parroquia', 'La Florida'),
(1292, 346, 'Parroquia', 'Córdoba'),
(1293, 347, 'Parroquia', 'Fernández Feo'),
(1294, 347, 'Parroquia', 'Alberto Adriani'),
(1295, 347, 'Parroquia', 'Santo Domingo'),
(1296, 348, 'Parroquia', 'Francisco de Miranda'),
(1297, 349, 'Parroquia', 'García de Hevia'),
(1298, 349, 'Parroquia', 'Boca de Grita'),
(1299, 349, 'Parroquia', 'José Antonio Páez'),
(1300, 350, 'Parroquia', 'Guásimos'),
(1301, 351, 'Parroquia', 'Independencia'),
(1302, 351, 'Parroquia', 'Juan Germán Roscio'),
(1303, 351, 'Parroquia', 'Román Cárdenas'),
(1304, 352, 'Parroquia', 'Jáuregui'),
(1305, 352, 'Parroquia', 'Emilio Constantino Guerrero'),
(1306, 352, 'Parroquia', 'Monseñor Miguel Antonio Salas'),
(1307, 353, 'Parroquia', 'José María Vargas'),
(1308, 354, 'Parroquia', 'Junín'),
(1309, 354, 'Parroquia', 'La Petrólea'),
(1310, 354, 'Parroquia', 'Quinimarí'),
(1311, 354, 'Parroquia', 'Bramón'),
(1312, 355, 'Parroquia', 'Libertad'),
(1313, 355, 'Parroquia', 'Cipriano Castro'),
(1314, 355, 'Parroquia', 'Manuel Felipe Rugeles'),
(1315, 356, 'Parroquia', 'Libertador'),
(1316, 356, 'Parroquia', 'Doradas'),
(1317, 356, 'Parroquia', 'Emeterio Ochoa'),
(1318, 356, 'Parroquia', 'San Joaquín de Navay'),
(1319, 357, 'Parroquia', 'Lobatera'),
(1320, 357, 'Parroquia', 'Constitución'),
(1321, 358, 'Parroquia', 'Michelena'),
(1322, 359, 'Parroquia', 'Panamericano'),
(1323, 359, 'Parroquia', 'La Palmita'),
(1324, 360, 'Parroquia', 'Pedro María Ureña'),
(1325, 360, 'Parroquia', 'Nueva Arcadia'),
(1326, 361, 'Parroquia', 'Delicias'),
(1327, 361, 'Parroquia', 'Pecaya'),
(1328, 362, 'Parroquia', 'Samuel Darío Maldonado'),
(1329, 362, 'Parroquia', 'Boconó'),
(1330, 362, 'Parroquia', 'Hernández'),
(1331, 363, 'Parroquia', 'La Concordia'),
(1332, 363, 'Parroquia', 'San Juan Bautista'),
(1333, 363, 'Parroquia', 'Pedro María Morantes'),
(1334, 363, 'Parroquia', 'San Sebastián'),
(1335, 363, 'Parroquia', 'Dr. Francisco Romero Lobo'),
(1336, 364, 'Parroquia', 'Seboruco'),
(1337, 365, 'Parroquia', 'Simón Rodríguez'),
(1338, 366, 'Parroquia', 'Sucre'),
(1339, 366, 'Parroquia', 'Eleazar López Contreras'),
(1340, 366, 'Parroquia', 'San Pablo'),
(1341, 367, 'Parroquia', 'Torbes'),
(1342, 368, 'Parroquia', 'Uribante'),
(1343, 368, 'Parroquia', 'Cárdenas'),
(1344, 368, 'Parroquia', 'Juan Pablo Peñalosa'),
(1345, 368, 'Parroquia', 'Potosí'),
(1346, 369, 'Parroquia', 'San Judas Tadeo'),
(1347, 370, 'Parroquia', 'Araguaney'),
(1348, 370, 'Parroquia', 'El Jaguito'),
(1349, 370, 'Parroquia', 'La Esperanza'),
(1350, 370, 'Parroquia', 'Santa Isabel'),
(1351, 371, 'Parroquia', 'Boconó'),
(1352, 371, 'Parroquia', 'El Carmen'),
(1353, 371, 'Parroquia', 'Mosquey'),
(1354, 371, 'Parroquia', 'Ayacucho'),
(1355, 371, 'Parroquia', 'Burbusay'),
(1356, 371, 'Parroquia', 'General Ribas'),
(1357, 371, 'Parroquia', 'Guaramacal'),
(1358, 371, 'Parroquia', 'Vega de Guaramacal'),
(1359, 371, 'Parroquia', 'Monseñor Jáuregui'),
(1360, 371, 'Parroquia', 'Rafael Rangel'),
(1361, 371, 'Parroquia', 'San Miguel'),
(1362, 371, 'Parroquia', 'San José'),
(1363, 372, 'Parroquia', 'Sabana Grande'),
(1364, 372, 'Parroquia', 'Cheregüé'),
(1365, 372, 'Parroquia', 'Granados'),
(1366, 373, 'Parroquia', 'Arnoldo Gabaldón'),
(1367, 373, 'Parroquia', 'Bolivia'),
(1368, 373, 'Parroquia', 'Carrillo'),
(1369, 373, 'Parroquia', 'Cegarra'),
(1370, 373, 'Parroquia', 'Chejendé'),
(1371, 373, 'Parroquia', 'Manuel Salvador Ulloa'),
(1372, 373, 'Parroquia', 'San José'),
(1373, 374, 'Parroquia', 'Carache'),
(1374, 374, 'Parroquia', 'La Concepción'),
(1375, 374, 'Parroquia', 'Cuicas'),
(1376, 374, 'Parroquia', 'Panamericana'),
(1377, 374, 'Parroquia', 'Santa Cruz'),
(1378, 375, 'Parroquia', 'Escuque'),
(1379, 375, 'Parroquia', 'La Unión'),
(1380, 375, 'Parroquia', 'Santa Rita'),
(1381, 375, 'Parroquia', 'Sabana Libre'),
(1382, 376, 'Parroquia', 'El Socorro'),
(1383, 376, 'Parroquia', 'Los Caprichos'),
(1384, 376, 'Parroquia', 'Antonio José de Sucre'),
(1385, 377, 'Parroquia', 'Campo Elías'),
(1386, 377, 'Parroquia', 'Arnoldo Gabaldón'),
(1387, 378, 'Parroquia', 'Santa Apolonia'),
(1388, 378, 'Parroquia', 'El Progreso'),
(1389, 378, 'Parroquia', 'La Ceiba'),
(1390, 378, 'Parroquia', 'Tres de Febrero'),
(1391, 379, 'Parroquia', 'El Dividive'),
(1392, 379, 'Parroquia', 'Agua Santa'),
(1393, 379, 'Parroquia', 'Agua Caliente'),
(1394, 379, 'Parroquia', 'El Cenizo'),
(1395, 379, 'Parroquia', 'Valerita'),
(1396, 380, 'Parroquia', 'Monte Carmelo'),
(1397, 380, 'Parroquia', 'Buena Vista'),
(1398, 380, 'Parroquia', 'Santa María del Horcón'),
(1399, 381, 'Parroquia', 'Motatán'),
(1400, 381, 'Parroquia', 'El Baño'),
(1401, 381, 'Parroquia', 'Jalisco'),
(1402, 382, 'Parroquia', 'Pampán'),
(1403, 382, 'Parroquia', 'Flor de Patria'),
(1404, 382, 'Parroquia', 'La Paz'),
(1405, 382, 'Parroquia', 'Santa Ana'),
(1406, 383, 'Parroquia', 'Pampanito'),
(1407, 383, 'Parroquia', 'La Concepción'),
(1408, 383, 'Parroquia', 'Pampanito II'),
(1409, 384, 'Parroquia', 'Betijoque'),
(1410, 384, 'Parroquia', 'José Gregorio Hernández'),
(1411, 384, 'Parroquia', 'La Pueblita'),
(1412, 384, 'Parroquia', 'Los Cedros'),
(1413, 385, 'Parroquia', 'Carvajal'),
(1414, 385, 'Parroquia', 'Campo Alegre'),
(1415, 385, 'Parroquia', 'Antonio Nicolás Briceño'),
(1416, 385, 'Parroquia', 'José Leonardo Suárez'),
(1417, 386, 'Parroquia', 'Sabana de Mendoza'),
(1418, 386, 'Parroquia', 'Junín'),
(1419, 386, 'Parroquia', 'Valmore Rodríguez'),
(1420, 386, 'Parroquia', 'El Paraíso'),
(1421, 387, 'Parroquia', 'Andrés Linares'),
(1422, 387, 'Parroquia', 'Chiquinquirá'),
(1423, 387, 'Parroquia', 'Cristóbal Mendoza'),
(1424, 387, 'Parroquia', 'Cruz Carrillo'),
(1425, 387, 'Parroquia', 'Matriz'),
(1426, 387, 'Parroquia', 'Monseñor Carrillo'),
(1427, 387, 'Parroquia', 'Tres Esquinas'),
(1428, 388, 'Parroquia', 'Cabimbú'),
(1429, 388, 'Parroquia', 'Jajó'),
(1430, 388, 'Parroquia', 'La Mesa de Esnujaque'),
(1431, 388, 'Parroquia', 'Santiago'),
(1432, 388, 'Parroquia', 'Tuñame'),
(1433, 388, 'Parroquia', 'La Quebrada'),
(1434, 389, 'Parroquia', 'Juan Ignacio Montilla'),
(1435, 389, 'Parroquia', 'La Beatriz'),
(1436, 389, 'Parroquia', 'La Puerta'),
(1437, 389, 'Parroquia', 'Mendoza del Valle de Momboy'),
(1438, 389, 'Parroquia', 'Mercedes Díaz'),
(1439, 389, 'Parroquia', 'San Luis'),
(1440, 390, 'Parroquia', 'Caraballeda'),
(1441, 390, 'Parroquia', 'Carayaca'),
(1442, 390, 'Parroquia', 'Carlos Soublette'),
(1443, 390, 'Parroquia', 'Caruao Chuspa'),
(1444, 390, 'Parroquia', 'Catia La Mar'),
(1445, 390, 'Parroquia', 'El Junko'),
(1446, 390, 'Parroquia', 'La Guaira'),
(1447, 390, 'Parroquia', 'Macuto'),
(1448, 390, 'Parroquia', 'Maiquetía'),
(1449, 390, 'Parroquia', 'Naiguatá'),
(1450, 390, 'Parroquia', 'Urimare'),
(1451, 391, 'Parroquia', 'Arístides Bastidas'),
(1452, 392, 'Parroquia', 'Bolívar'),
(1453, 407, 'Parroquia', 'Chivacoa'),
(1454, 407, 'Parroquia', 'Campo Elías'),
(1455, 408, 'Parroquia', 'Cocorote'),
(1456, 409, 'Parroquia', 'Independencia'),
(1457, 410, 'Parroquia', 'José Antonio Páez'),
(1458, 411, 'Parroquia', 'La Trinidad'),
(1459, 412, 'Parroquia', 'Manuel Monge'),
(1460, 413, 'Parroquia', 'Salóm'),
(1461, 413, 'Parroquia', 'Temerla'),
(1462, 413, 'Parroquia', 'Nirgua'),
(1463, 414, 'Parroquia', 'San Andrés'),
(1464, 414, 'Parroquia', 'Yaritagua'),
(1465, 415, 'Parroquia', 'San Javier'),
(1466, 415, 'Parroquia', 'Albarico'),
(1467, 415, 'Parroquia', 'San Felipe'),
(1468, 416, 'Parroquia', 'Sucre'),
(1469, 417, 'Parroquia', 'Urachiche'),
(1470, 418, 'Parroquia', 'El Guayabo'),
(1471, 418, 'Parroquia', 'Farriar'),
(1472, 441, 'Parroquia', 'Isla de Toas'),
(1473, 441, 'Parroquia', 'Monagas'),
(1474, 442, 'Parroquia', 'San Timoteo'),
(1475, 442, 'Parroquia', 'General Urdaneta'),
(1476, 442, 'Parroquia', 'Libertador'),
(1477, 442, 'Parroquia', 'Marcelino Briceño'),
(1478, 442, 'Parroquia', 'Pueblo Nuevo'),
(1479, 442, 'Parroquia', 'Manuel Guanipa Matos'),
(1480, 443, 'Parroquia', 'Ambrosio'),
(1481, 443, 'Parroquia', 'Carmen Herrera'),
(1482, 443, 'Parroquia', 'La Rosa'),
(1483, 443, 'Parroquia', 'Germán Ríos Linares'),
(1484, 443, 'Parroquia', 'San Benito'),
(1485, 443, 'Parroquia', 'Rómulo Betancourt'),
(1486, 443, 'Parroquia', 'Jorge Hernández'),
(1487, 443, 'Parroquia', 'Punta Gorda'),
(1488, 443, 'Parroquia', 'Arístides Calvani'),
(1489, 444, 'Parroquia', 'Encontrados'),
(1490, 444, 'Parroquia', 'Udón Pérez'),
(1491, 445, 'Parroquia', 'Moralito'),
(1492, 445, 'Parroquia', 'San Carlos del Zulia'),
(1493, 445, 'Parroquia', 'Santa Cruz del Zulia'),
(1494, 445, 'Parroquia', 'Santa Bárbara'),
(1495, 445, 'Parroquia', 'Urribarrí'),
(1496, 446, 'Parroquia', 'Carlos Quevedo'),
(1497, 446, 'Parroquia', 'Francisco Javier Pulgar'),
(1498, 446, 'Parroquia', 'Simón Rodríguez'),
(1499, 446, 'Parroquia', 'Guamo-Gavilanes'),
(1500, 448, 'Parroquia', 'La Concepción'),
(1501, 448, 'Parroquia', 'San José'),
(1502, 448, 'Parroquia', 'Mariano Parra León'),
(1503, 448, 'Parroquia', 'José Ramón Yépez'),
(1504, 449, 'Parroquia', 'Jesús María Semprún'),
(1505, 449, 'Parroquia', 'Barí'),
(1506, 450, 'Parroquia', 'Concepción'),
(1507, 450, 'Parroquia', 'Andrés Bello'),
(1508, 450, 'Parroquia', 'Chiquinquirá'),
(1509, 450, 'Parroquia', 'El Carmelo'),
(1510, 450, 'Parroquia', 'Potreritos'),
(1511, 451, 'Parroquia', 'Libertad'),
(1512, 451, 'Parroquia', 'Alonso de Ojeda'),
(1513, 451, 'Parroquia', 'Venezuela'),
(1514, 451, 'Parroquia', 'Eleazar López Contreras'),
(1515, 451, 'Parroquia', 'Campo Lara'),
(1516, 452, 'Parroquia', 'Bartolomé de las Casas'),
(1517, 452, 'Parroquia', 'Libertad'),
(1518, 452, 'Parroquia', 'Río Negro'),
(1519, 452, 'Parroquia', 'San José de Perijá'),
(1520, 453, 'Parroquia', 'San Rafael'),
(1521, 453, 'Parroquia', 'La Sierrita'),
(1522, 453, 'Parroquia', 'Las Parcelas'),
(1523, 453, 'Parroquia', 'Luis de Vicente'),
(1524, 453, 'Parroquia', 'Monseñor Marcos Sergio Godoy'),
(1525, 453, 'Parroquia', 'Ricaurte'),
(1526, 453, 'Parroquia', 'Tamare'),
(1527, 454, 'Parroquia', 'Antonio Borjas Romero'),
(1528, 454, 'Parroquia', 'Bolívar'),
(1529, 454, 'Parroquia', 'Cacique Mara'),
(1530, 454, 'Parroquia', 'Carracciolo Parra Pérez'),
(1531, 454, 'Parroquia', 'Cecilio Acosta'),
(1532, 454, 'Parroquia', 'Cristo de Aranza'),
(1533, 454, 'Parroquia', 'Coquivacoa'),
(1534, 454, 'Parroquia', 'Chiquinquirá'),
(1535, 454, 'Parroquia', 'Francisco Eugenio Bustamante'),
(1536, 454, 'Parroquia', 'Idelfonzo Vásquez'),
(1537, 454, 'Parroquia', 'Juana de Ávila'),
(1538, 454, 'Parroquia', 'Luis Hurtado Higuera'),
(1539, 454, 'Parroquia', 'Manuel Dagnino'),
(1540, 454, 'Parroquia', 'Olegario Villalobos'),
(1541, 454, 'Parroquia', 'Raúl Leoni'),
(1542, 454, 'Parroquia', 'Santa Lucía'),
(1543, 454, 'Parroquia', 'Venancio Pulgar'),
(1544, 454, 'Parroquia', 'San Isidro'),
(1545, 455, 'Parroquia', 'Altagracia'),
(1546, 455, 'Parroquia', 'Faría'),
(1547, 455, 'Parroquia', 'Ana María Campos'),
(1548, 455, 'Parroquia', 'San Antonio'),
(1549, 455, 'Parroquia', 'San José'),
(1550, 456, 'Parroquia', 'Donaldo García'),
(1551, 456, 'Parroquia', 'El Rosario'),
(1552, 456, 'Parroquia', 'Sixto Zambrano'),
(1553, 457, 'Parroquia', 'San Francisco'),
(1554, 457, 'Parroquia', 'El Bajo'),
(1555, 457, 'Parroquia', 'Domitila Flores'),
(1556, 457, 'Parroquia', 'Francisco Ochoa'),
(1557, 457, 'Parroquia', 'Los Cortijos'),
(1558, 457, 'Parroquia', 'Marcial Hernández'),
(1559, 458, 'Parroquia', 'Santa Rita'),
(1560, 458, 'Parroquia', 'El Mene'),
(1561, 458, 'Parroquia', 'Pedro Lucas Urribarrí'),
(1562, 458, 'Parroquia', 'José Cenobio Urribarrí'),
(1563, 459, 'Parroquia', 'Rafael Maria Baralt'),
(1564, 459, 'Parroquia', 'Manuel Manrique'),
(1565, 459, 'Parroquia', 'Rafael Urdaneta'),
(1566, 460, 'Parroquia', 'Bobures'),
(1567, 460, 'Parroquia', 'Gibraltar'),
(1568, 460, 'Parroquia', 'Heras'),
(1569, 460, 'Parroquia', 'Monseñor Arturo Álvarez'),
(1570, 460, 'Parroquia', 'Rómulo Gallegos'),
(1571, 460, 'Parroquia', 'El Batey'),
(1572, 461, 'Parroquia', 'Rafael Urdaneta'),
(1573, 461, 'Parroquia', 'La Victoria'),
(1574, 461, 'Parroquia', 'Raúl Cuenca'),
(1575, 447, 'Parroquia', 'Sinamaica'),
(1576, 447, 'Parroquia', 'Alta Guajira'),
(1577, 447, 'Parroquia', 'Elías Sánchez Rubio'),
(1578, 447, 'Parroquia', 'Guajira'),
(1579, 462, 'Parroquia', 'Altagracia'),
(1580, 462, 'Parroquia', 'Antímano'),
(1581, 462, 'Parroquia', 'Caricuao'),
(1582, 462, 'Parroquia', 'Catedral'),
(1583, 462, 'Parroquia', 'Coche'),
(1584, 462, 'Parroquia', 'El Junquito'),
(1585, 462, 'Parroquia', 'El Paraíso'),
(1586, 462, 'Parroquia', 'El Recreo'),
(1587, 462, 'Parroquia', 'El Valle'),
(1588, 462, 'Parroquia', 'La Candelaria'),
(1589, 462, 'Parroquia', 'La Pastora'),
(1590, 462, 'Parroquia', 'La Vega'),
(1591, 462, 'Parroquia', 'Macarao'),
(1592, 462, 'Parroquia', 'San Agustín'),
(1593, 462, 'Parroquia', 'San Bernardino'),
(1594, 462, 'Parroquia', 'San José'),
(1595, 462, 'Parroquia', 'San Juan'),
(1596, 462, 'Parroquia', 'San Pedro'),
(1597, 462, 'Parroquia', 'Santa Rosalía'),
(1598, 462, 'Parroquia', 'Santa Teresa'),
(1599, 462, 'Parroquia', 'Sucre (Catia)'),
(1600, 462, 'Parroquia', '23 de enero');


insert into tipo (codigo,descripcion) values
(1,'normal'),
(2,'macizo'),
(3,'chicle'),
(4,'piruleta'),
(5,'bombon'),
(6,'gelatina'),
(7,'algodon'),
(8,'chocolate'),
(9,'fruta'),
(10,'regaliz'),
(11,'sin azucar'),
(12,'picante'),
(13,'acido'),
(14,'colorante'),
(15,'pimienta');


insert into producto (nombre,descripcion,precio,ranking,fk_tipo, foto) values

('chupeta rimbombim','el famoso caramelo con palo ideado por Enric Bernat',250,1,11,'rimbombin.png'),
('ricolin','caramelo de bolsillo mentolado',100,2,12,'ricolin.jpg'),
('firi firi','son pastillas que proporcionan frescura',632,3,14,'firifiri.jpg'),
('chupeta de corazon','chupeta con combinacion dulce y picante',142,4,1,'corazon.jpg'),
('pirulito','caramelo alargado',200,5,8,'pirulito.jpg'),
('ricura','caramelo picante con centro de chicle',500,6,3,'ricura.jpg'),
('original','caramelo balsamico de candy ucab',231.2,7,1,'original.jpg'),
('dulcin','caramelos cuadrados de distintos colores',212,8,15,'dulcin.jpg'),
('choco candy','caramelos de chocolate y cafe',842,9,8,'choco.jpg'),
('blue','caramelo de cafe con centro de arequipe',126.5,10,8,'blue.jpg'),
('chococo','chocolate con relleno de coco',135.4,11,8,'chococo.jpg'),
('acidin','el caramelo mas acido del mercado',58.7,12,13,'acidin.jpg');



insert into estatus (codigo,descripcion) values

(100,'armando pedido'),
(200,'listo para entrega'),
(300,'en proceso de entrega'),
(400,'entregado');


insert into tienda (codigo,tipo,nombre,fk_lugar) values

(1,'shop','CandyUcab El Cafetal',1073), /*el cafetal*/
(2,'mini','CandyUcab Maracaibo',454), /*maracaibo*/
(3,'shop','CandyUcab Barquisimeto ',146), /*municipio capital de barquisimeto*/
(4,'mini','CandyUcab El Tigre',28), /*municipio capita del tigre*/
(5,'mini','CandyUcab Guanare',1188), /*guanare*/
(6,'shop','CandyUcab Paraguaná',180), /*carirubana (municipio capital de paraguana)*/
(7,'shop','CandyUcab Valle la Pascua',137), /*leonardo infante (municipio capital de valle la pascua)*/
(8,'mini','CandyUcab Ureña',360), /*pedro maria ureña*/
(9,'shop','CandyUcab San Félix',66), /*caroní (san félix)*/
(10,'mini','CandyUcab Carora',151), /*torres (carora)*/
(11,'mini','CandyUcab Acarigua', 289), /*páez (acarigua)*/
(12,'shop','CandyUcab Táriba',1289), /*cárdenas(táriba)*/
(13,'shop','CandyUcab Petare',1110), /*petare*/
(14,'mini','CandyUcab Maracay',36), /*atanasio girardot (maracay)*/
(15,'shop','CandyUcab Puerto Ordaz',66), /*caroní (puerto ordaz)*/
(16,'mini','CandyUcab San Cristóbal',363), /*san cristobal (san cristobal)*/
(17,'mini','CandyUcab Los Teques',1087), /*los teques*/
(18,'mini','CandyUcab Anaco',488), /*anaco*/
(19,'shop','CandyUcab San Casimiro',595), /*san casimiro*/
(20,'mini','CandyUcab San Antonio de los Altos',1097), /*san antonio de los altos*/
(21,'shop','CandyUcab Antímano',1580), /*antímano*/
(22,'shop','CandyUcab La Guaira',1446), /*la guaira*/
(23,'shop','CandyUcab Margarita',1175), /*margarita (porlamar)*/
(24,'mini','CandyUcab Guanta',502), /*guanta*/
(25,'mini','CandyUcab Puerto la Cruz',512), /*puerto la cruz*/
(26,'mini','CandyUcab Mérida',1613), /*Mérida*/
(27,'shop','CandyUcab Barinas',631), /*Barinas*/
(28,'mini','CandyUcab Tucacas',841), /*Tucacas*/
(29,'shop','CandyUcab Costa Oriental ',1623), /*Zulia (costa oriental del lago)*/
(30,'shop','CandyUcab La Victoria',584), /*José Félix rivas (la victoria,aragua)*/
(31,'shop','CandyUcab Villa de Cura',53), /*Zamora (villa de cura)*/
(32,'mini','CandyUcab Ciudad de Ojeda',451), /*Lagunillas (ciudad de ojeda)*/
(33,'shop','CandyUcab Ciudad Bolívar',70), /*Heres (ciudad bolivar)*/
(34,'shop','CandyUcab Barcelona',27), /*Simón bolívar(barcelona)*/
(35,'shop','CandyUcab San Fernando de Apure',35), /*San Fernando (San Fernando de apure)*/
(36,'mini','CandyUcab Valencia',90), /*Valencia*/
(37,'shop','CandyUcab Maiquetía',1448), /*Maiquetía*/
(38,'mini','CandyUcab Carúpano',300), /*Bermúdez (Carúpano) */
(39,'mini','CandyUcab Coro',118), /*Municipio Miranda (coro)*/
(40,'shop','CandyUcab Trujillo',387); /*Trujillo*/



insert into empleado (cedula,nombre,apellido,cargo,salario) values

(26827608,'Alexander','Colmenares','Jefe de tienda',14129326),
(18636636,'Guillermo','Santos','Jefe de pasillos',20367851),
(9572808,'Ana','Vivas','Jefe de tienda',11254288),
(11452826,'Guillermo','Santos','Jefe de pasillos',13778795),
(14333232,'María','Salas','Jefe de tienda',8661807),
(4810870,'Alberto','Aponte','Jefe de pasillos',21721047),
(10097363,'Blanca','Jiménez','Jefe de tienda',11190164),
(10997058,'Carmen','Rodríguez','Jefe de pasillos',11851380),
(12005035,'Julio','Mendoza','Jefe de tienda',8637184),
(5688632,'Jesús','Sánchez','Jefe de pasillos',21417992),
(24097303,'Daniela','Mora','Jefe de tienda',16818508),
(5777364,'Jorge','García','Jefe de pasillos',14115557),
(4275808,'José','Mendoza','Jefe de tienda',14038409),
(25707240,'Marianna','Jiménez','Jefe de pasillos',18017076),
(7793176,'Luisa','Lovera','Jefe de tienda',12425444),
(24176237,'Daniela','Gómez','Jefe de pasillos',11022701),
(19828998,'Alberto','Duarte','Jefe de tienda',10911006),
(11385397,'Sofía','Fernández','Jefe de pasillos',14566889),
(19604916,'Alejandra','Santos','Jefe de tienda',11989359),
(19840664,'Mario','Rodríguez','Jefe de pasillos',11785902),
(9075714,'Carmen','Lovera','Jefe de tienda',21558638),
(3856215,'Mario','Zapata','Jefe de pasillos',18930771),
(6393538,'Guillermo','Santos','Jefe de tienda',19870837),
(19645404,'Blanca','García','Jefe de pasillos',19734398),
(5137766,'Alexander','Sánchez','Jefe de tienda',18070877),
(13128759,'Javier','Gonzáles','Jefe de pasillos',10639400),
(19106062,'Carlos','Lovera','Jefe de tienda',13303808),
(12679093,'Adriana','Mora','Jefe de pasillos',17120455),
(5105012,'Alexander','Jiménez','Jefe de tienda',10674241),
(21153539,'Daniela','Aponte','Jefe de pasillos',12282702),
(18925125,'Carmen','García','Jefe de tienda',10190727),
(23170176,'Carlos','Salas','Jefe de pasillos',20599299),
(25572710,'Carlos','Sánchez','Jefe de tienda',11916958),
(26389828,'Adriana','Mendoza','Jefe de pasillos',13069668),
(12039185,'Simón','Lovera','Jefe de tienda',21902378),
(11774399,'Sara','Rivera','Jefe de pasillos',20583806),
(7804870,'Marianna','Rivera','Jefe de tienda',11022168),
(21266982,'Blanca','Silva','Jefe de pasillos',8576254),
(20115963,'Marianna','Salas','Jefe de tienda',11500312),
(6621058,'Julio','Fernández','Jefe de pasillos',18687748),
(17942644,'Alejandra','Gonzáles','Jefe de tienda',21356624),
(16909324,'Mónica','Goncalves','Jefe de pasillos',9990594),
(12946893,'María','Gonzáles','Jefe de tienda',18363087),
(13809500,'Sara','Hernández','Jefe de pasillos',10787332),
(18281535,'Julio','Fernández','Jefe de tienda',21688928),
(12507061,'Jesús','Méndez','Jefe de pasillos',11490397),
(24315069,'Marianna','Duarte','Jefe de tienda',21127321),
(10441646,'María','Morales','Jefe de pasillos',20568669),
(18542894,'María','Lovera','Jefe de tienda',12052300),
(4904572,'Alfredo','Núñez','Jefe de pasillos',20041485),
(5881514,'Alejandra','Núñez','Jefe de tienda',16594182),
(8305500,'Andrés','Sánchez','Jefe de pasillos',16600220),
(14745617,'Alfredo','Zapata','Jefe de tienda',9238868),
(25570892,'Luisa','Martínez','Jefe de pasillos',9443571),
(24542958,'Marianna','Gonzáles','Jefe de tienda',11457937),
(25386221,'Carmen','Ramírez','Jefe de pasillos',19833921),
(7558878,'Luisa','Zambrano','Jefe de tienda',8501041),
(17761600,'Samuel','Sánchez','Jefe de pasillos',12167418),
(3947691,'Pedro','Gonzáles','Jefe de tienda',16347471),
(21224652,'Laura','Colmenares','Jefe de pasillos',8969432),
(4164843,'Gloria','Mora','Jefe de tienda',13221272),
(7531828,'Samuel','Vivas','Jefe de pasillos',11057539),
(24981626,'Ana','Gómez','Jefe de tienda',16147705),
(23526588,'Jorge','Hernández','Jefe de pasillos',9525547),
(22161112,'Daniela','Ortega','Jefe de tienda',17993694),
(25107528,'Alejandra','Zapata','Jefe de pasillos',15260057),
(10915023,'Adriana','Vivas','Jefe de tienda',15429239),
(20219338,'Jorge','Paz','Jefe de pasillos',20481714),
(26320641,'Jorge','Duarte','Jefe de tienda',16746749),
(21562356,'Daniel','Zambrano','Jefe de pasillos',11398299),
(14348921,'Marianna','Hernández','Jefe de tienda',19807022),
(18029398,'María','Hernández','Jefe de pasillos',14035704),
(13050608,'Jorge','Gonzáles','Jefe de tienda',12774199),
(25504538,'Antonella','López','Jefe de pasillos',19058947),
(7258876,'Alejandra','Mora','Jefe de tienda',9260810),
(4833923,'Ana','Rodríguez','Jefe de pasillos',18587174),
(12165591,'Andrés','Fernández','Jefe de tienda',15750940),
(6854744,'Leonardo','Paz','Jefe de pasillos',14031369),
(17502698,'Andrés','Fernández','Jefe de tienda',14466994),
(3007014,'Luisa','Sánchez','Jefe de pasillos',20732814);


insert into punto(fecha_inicio,fecha_fin,valor) values

   ('2017-02-18 07:30:10','2017-03-06 06:52:20',20),
   ('2017-03-06 06:52:20','2017-04-12 23:42:12',25),
   ('2017-04-12 23:42:12','2017-04-15 08:45:25',32),
   ('2017-04-15 08:45:25','2017-05-20 21:45:47',59),
   ('2017-05-20 21:45:47','2017-06-20 07:30:10',62),
   ('2017-06-20 07:30:10','2017-06-23 09:58:58',65),
   ('2017-06-23 09:58:58','2017-08-10 08:37:36',82),
   ('2017-08-10 08:37:36','2018-02-18 13:15:15',85),
   ('2018-02-18 13:15:15','2018-04-20 14:25:41',90);


insert into punto(fecha_inicio,valor) values
/*este punto no tiene fecha fin porque seria el actual.
  al momento de actualizar el valor del punto, esta pasa
  a tener fecha fin y va a ser la misma que el inicio de la otra*/

   ('2018-04-20 14:25:41',100);


insert into rol (descripcion) values

  ('todo'),
  ('cajero'),
  ('usuario comun'),
  ('jefe de tienda'),
  ('jefe de pasillos'),
  ('gerente de promociones'),
  ('jefe de despachos'),
  ('administrador de tiendas'),
  ('jefe recursos humanos');



insert into privilegio (descripcion) values
  /*cada privilegio corresponde a una de las 4 operaciones basicas
  a cada entidad (no a todas, solo a las que requieren interacción
  directa con el usuario), no se colocan entidades con registros que pretenden
  ser fijos, como estatus o lugar  */

  ('insertar usuario'),('eliminar usuario'),('ver usuario'),('actualizar usuario'),
  ('insertar juricido'),('eliminar juridico'),('ver juridico'),('actualizar juridico'),
  ('insertar naturale'),('eliminar naturale'),('ver naturale'),('actualizar naturale'),
  ('insertar telefono'),('eliminar telefono'),('ver telefono'),('actualizar telefono'),
  ('insertar contacto'),('eliminar contacto'),('ver contacto'),('actualizar contacto'),
  ('insertar producto'),('eliminar producto'),('ver producto'),('actualizar producto'),
  ('insertar empleado'),('eliminar empleado'),('ver empleado'),('actualizar empleado'),
  ('insertar horario'),('eliminar horario'),('ver horario'),('actualizar horario'),
  ('insertar asistencia'),('eliminar asistencia'),('ver asistencia'),('actualizar asistencia'),
  ('insertar tienda'),('eliminar tienda'),('ver tienda'),('actualizar tienda'),
  ('insertar review'),('eliminar review'),('ver review'),('actualizar review'),
  ('insertar inventario'),('eliminar inventario'),('ver inventario'),('actualizar inventario'),
  ('insertar pedido'),('eliminar pedido'),('ver pedido'),('actualizar pedido'),
  ('insertar presupuesto'),('eliminar presupuesto'),('ver presupuesto'),('actualizar presupuesto'),
  ('insertar producto_presupuesto'),('eliminar producto_presupuesto'),('ver producto_presupuesto'),('actualizar producto_presupuesto'),
  ('insertar pago'),('eliminar pago'),('ver pago'),('actualizar pago'),
  ('insertar medio_pago'),('eliminar medio_pago'),('ver medio_pago'),('actualizar medio_pago'),
  ('insertar descuento'),('eliminar descuento'),('ver descuento'),('actualizar decuento'),
  ('insertar diario'),('eliminar diario'),('ver diario'),('actualizar diario'),
  ('insertar diario_descuento'),('eliminar diario_descuento '),('ver diario_descuento'),('actualizar diario_descuento'),
  ('insertar punto_cliente'),('eliminar punto_cliente'),('ver punto_cliente'),('actualizar punto_cliente'),
  ('insertar punto'),('eliminar punto'),('ver punto'),('actualizar punto');


insert into rol_privilegio (c_rol,c_priv) values

  (1,1),
  (1,2),
  (1,3),
  (1,4),
  (1,5),
  (1,6),
  (1,7),
  (1,8),
  (1,9),
  (1,10);


insert into departamento (codigo,tipo,fk_tienda) values

(1,'despacho',1),
(2,'entrega',1),
(3,'pedidos internos',1),
(4,'ventas en linea',1),
(5,'talento humano',1),
(6,'despacho',2),
(7,'entrega',2),
(8,'pedidos internos',2),
(9,'ventas en linea',2),
(10,'talento humano',2),
(11,'despacho',3),
(12,'entrega',3),
(13,'pedidos internos',3),
(14,'ventas en linea',3),
(15,'talento humano',3),
(16,'despacho',4),
(17,'entrega',4),
(18,'pedidos internos',4),
(19,'ventas en linea',4),
(20,'talento humano',4),
(21,'despacho',5),
(22,'entrega',5),
(23,'pedidos internos',5),
(24,'ventas en linea',5),
(25,'talento humano',5),
(26,'despacho',6),
(27,'entrega',6),
(28,'pedidos internos',6),
(29,'ventas en linea',6),
(30,'talento humano',6),
(31,'despacho',7),
(32,'entrega',7),
(33,'pedidos internos',7),
(34,'ventas en linea',7),
(35,'talento humano',7),
(36,'despacho',8),
(37,'entrega',8),
(38,'pedidos internos',8),
(39,'ventas en linea',8),
(40,'talento humano',8),
(41,'despacho',9),
(42,'entrega',9),
(43,'pedidos internos',9),
(44,'ventas en linea',9),
(45,'talento humano',9),
(46,'despacho',10),
(47,'entrega',10),
(48,'pedidos internos',10),
(49,'ventas en linea',10),
(50,'talento humano',10),
(51,'despacho',11),
(52,'entrega',11),
(53,'pedidos internos',11),
(54,'ventas en linea',11),
(55,'talento humano',11),
(56,'despacho',12),
(57,'entrega',12),
(58,'pedidos internos',12),
(59,'ventas en linea',12),
(60,'talento humano',12),
(61,'despacho',13),
(62,'entrega',13),
(63,'pedidos internos',13),
(64,'ventas en linea',13),
(65,'talento humano',13),
(66,'despacho',14),
(67,'entrega',14),
(68,'pedidos internos',14),
(69,'ventas en linea',14),
(70,'talento humano',14),
(71,'despacho',15),
(72,'entrega',15),
(73,'pedidos internos',15),
(74,'ventas en linea',15),
(75,'talento humano',15),
(76,'despacho',16),
(77,'entrega',16),
(78,'pedidos internos',16),
(79,'ventas en linea',16),
(80,'talento humano',16),
(81,'despacho',17),
(82,'entrega',17),
(83,'pedidos internos',17),
(84,'ventas en linea',17),
(85,'talento humano',17),
(86,'despacho',18),
(87,'entrega',18),
(88,'pedidos internos',18),
(89,'ventas en linea',18),
(90,'talento humano',18),
(91,'despacho',19),
(92,'entrega',19),
(93,'pedidos internos',19),
(94,'ventas en linea',19),
(95,'talento humano',19),
(96,'despacho',20),
(97,'entrega',20),
(98,'pedidos internos',20),
(99,'ventas en linea',20),
(100,'talento humano',20),
(101,'despacho',21),
(102,'entrega',21),
(103,'pedidos internos',21),
(104,'ventas en linea',21),
(105,'talento humano',21),
(106,'despacho',22),
(107,'entrega',22),
(108,'pedidos internos',22),
(109,'ventas en linea',22),
(110,'talento humano',22),
(111,'despacho',23),
(112,'entrega',23),
(113,'pedidos internos',23),
(114,'ventas en linea',23),
(115,'talento humano',23),
(116,'despacho',24),
(117,'entrega',24),
(118,'pedidos internos',24),
(119,'ventas en linea',24),
(120,'talento humano',24),
(121,'despacho',25),
(122,'entrega',25),
(123,'pedidos internos',25),
(124,'ventas en linea',25),
(125,'talento humano',25),
(126,'despacho',26),
(127,'entrega',26),
(128,'pedidos internos',26),
(129,'ventas en linea',26),
(130,'talento humano',26),
(131,'despacho',27),
(132,'entrega',27),
(133,'pedidos internos',27),
(134,'ventas en linea',27),
(135,'talento humano',27),
(136,'despacho',28),
(137,'entrega',28),
(138,'pedidos internos',28),
(139,'ventas en linea',28),
(140,'talento humano',28),
(141,'despacho',29),
(142,'entrega',29),
(143,'pedidos internos',29),
(144,'ventas en linea',29),
(145,'talento humano',29),
(146,'despacho',30),
(147,'entrega',30),
(148,'pedidos internos',30),
(149,'ventas en linea',30),
(150,'talento humano',30),
(151,'despacho',31),
(152,'entrega',31),
(153,'pedidos internos',31),
(154,'ventas en linea',31),
(155,'talento humano',31),
(156,'despacho',32),
(157,'entrega',32),
(158,'pedidos internos',32),
(159,'ventas en linea',32),
(160,'talento humano',32),
(161,'despacho',33),
(162,'entrega',33),
(163,'pedidos internos',33),
(164,'ventas en linea',33),
(165,'talento humano',33),
(166,'despacho',34),
(167,'entrega',34),
(168,'pedidos internos',34),
(169,'ventas en linea',34),
(170,'talento humano',34),
(171,'despacho',35),
(172,'entrega',35),
(173,'pedidos internos',35),
(174,'ventas en linea',35),
(175,'talento humano',35),
(176,'despacho',36),
(177,'entrega',36),
(178,'pedidos internos',36),
(179,'ventas en linea',36),
(180,'talento humano',36),
(181,'despacho',37),
(182,'entrega',37),
(183,'pedidos internos',37),
(184,'ventas en linea',37),
(185,'talento humano',37),
(186,'despacho',38),
(187,'entrega',38),
(188,'pedidos internos',38),
(189,'ventas en linea',38),
(190,'talento humano',38),
(191,'despacho',39),
(192,'entrega',39),
(193,'pedidos internos',39),
(194,'ventas en linea',39),
(195,'talento humano',39),
(196,'despacho',40),
(197,'entrega',40),
(198,'pedidos internos',40),
(199,'ventas en linea',40),
(200,'talento humano',40);


insert into diario (codigo, descripcion, fecha_emision, fecha_vencimiento, fk_empleado) values
(1, 'El año nuevo ha llegado, para celebrarlo no dejes de aprovechar nuestros decuentos en esta edición del Diario Dulce!', '2018-01-01 00:00:01', '2018-01-10 23:59:59', 26827608),
(2, 'En esta edicion del Diario Dulce les presentamos los siguientes descuentos. No dejes de aprovecharlos y endulza tus dias', '2018-01-21 00:01:01', '2018-01-30 23:59:59', 12005035),
(3, 'Se acerca San Valentin, aprovecha nuestros descuentos para darle un regalo a tu persona especial', '2018-02-10 00:00:01', '2018-02-14 23:59:59', 19106062),
(4, 'En la edición del Diario Dulce de hoy les traemos los siguientes descuentos. Aprovecha y dale un regalo a un ser querido', '2018-02-15 00:00:01', '2018-02-24 23:59:59', 26827608),
(5, 'La primavera esta a punto de llegar. Dale la bienvenida aprovechando los siguientes descuentos que les traemos', '2018-03-07 00:00:01', '2018-03-16 23:59:59', 26827608),
(6, 'Pronto llegara la pascua, por eso aprovecha ahora los descuentos que les traemos hoy en esta edición del Diario Dulce', '2018-03-27 00:00:01', '2018-04-05 23:59:59', 19106062),
(7, 'Volvemos con una nueva edición del Diario Dulce y los descuentos que te traemos no te los puedes perder. ¿Qué esperas? ¡Aprovechalos!', '2018-04-16 00:00:01', '2018-04-25 23:59:59', 17502698),
(8, 'Nueva edición del Diario Dulce. ¿Sabes lo que significa eso no? ¡tiempo de comprar dulces al mejor precio posible!', '2018-05-06 00:00:01', '2018-05-15 23:59:59', 17502698),
(9, '¿Te provocan unos dulces? ¿Y que si te digo que los puedes comprar a mejor precio? Pues la respuesta te la traemos en la edición de hoy del Diario Dulce', '2018-05-26 00:00:01', '2018-06-04 23:59:59', 17502698),
(10, 'El verano ya llega y con él las vacaciones. ¿Y que mejor que acompañarlas con unos dulces? En la edición de hoy del Diario Dulce les traemos los siguientes descuentos', '2018-06-15 00:00:01', '2018-06-24 23:59:59', 5105012),
(11, 'Dulces es sinonimo de felicidad, por eso aprovecha los descuentos que te traemos hoy y alegra tu vida', '2018-07-05 00:00:01', '2018-07-14 23:59:59', 12005035),
(12, '¿Saben que me encanta? Los dulces, y ¿saben que mas? los precios economicos y sabemos que ustedes tambien. Por eso aprovecha los descuentos que les traemos en la edición de hoy del Diario Dulce', '2018-07-25 00:00:01', '2018-08-03 23:59:59', 12005035),
(13, 'Como amamos los dulces, y seguro tu tambien. Haste un favor y aprovecha nuestros descuentos del dia de hoy. Endulza tu vida', '2018-08-14 00:00:01', '2018-08-23 23:59:59', 10915023),
(14, 'Nuestro slogan es "un dulce mundo" y para que nos creas te traemos esta edición del Diario Dulce', '2018-09-03 00:00:01', '2018-09-12 23:59:59', 5105012),
(15, 'Ya llega el otoño. Dale la mas dulce bienvenida aprovechando los descuentos de hoy', '2018-09-23 00:00:01', '2018-10-02 23:59:59', 26827608),
(16, 'Se acerca la noche mas tenebrosa y dulce del año. Aprovecha los descuentos de hoy y ten un mes aterrador pero muy dulce', '2018-10-13 00:00:01', '2018-11-01 23:59:59', 5105012),
(17, 'En Candy Ucab siempre buscamos que nuestros clientes sean felices por eso traemos la edición del Diario Dulce de hoy', '2018-11-02 00:00:01', '2018-11-11 23:59:59', 18281535),
(18, 'Ya llega el invierno y ¿que mejor que estar en la cama bien arropado comiendo unos ricos dulces?, nosotros te lo respondemos, nada. Por eso aprovecha los descuentos que traemos hoy', '2018-11-22 00:00:01', '2018-12-01 23:59:59', 18281535),
(19, 'Llegó la epoca mas feliz del año. Regala a tus seres queridos unos dulces aprovechando los descuentos que traemos este mes. Feliz Navidad y prospero año nuevo les desea Candy Ucab', '2018-12-12 00:00:01', '2018-12-31 23:59:59', 10097363);

insert into descuento (codigo, porcentaje, descripcion, fk_producto) values
(1, 15, 'Un dulce año nuevo', 7),
(2, 10, 'Lo mejor para iniciar el año', 5),
(3, 10, 'El mejor regalo para tu pareja', 4),
(4, 20, 'Demuestrale que tan importante es para ti', 6),
(5, 15, 'El mejor dulce, al mejor precio',1),
(6, 10, 'El favorito de la casa',3),
(7, 10, 'Date un susto',2),
(8, 25, 'Preparate para Halloween',9),
(9, 10, 'Lo mejor para navidad', 10),
(10, 20, 'Para despedir el año', 8);

insert into diario_descuento (c_diario, c_descuento) values
/*n a n entre diario y descuento*/

(1,1),
(1,2),
(3,3),
(3,4),
(10,5),
(10,6),
(16,7),
(16,8),
(19,9),
(19,10);


insert into juridico (rif,correo,d_social,r_social,pagina_web,capital,fk_lugar,fk_lugar_fiscal,fk_tienda,num_carnet) values
/*insertar unos cuantos clientes juridicos*/

   ('J9RHFUE8','empresa1@gmail.com','empresa1','C.A','empresa1.com',125000,1,1,2,'2-J9RHFUE8'),
   ('J9RHWUE9','empresa2@gmail.com','empresa2','S.A','empresa2.com',256320,2,1,2,'2-J9RHWUE9'),
   ('J9AAF5E8','empresa3@gmail.com','empresa3','C.A','empresa3.com',155265,3,1,3,'3-J9AAF5E8'),
   ('J9R785HH','empresa4@gmail.com','empresa4','S.A','empresa4.com',100000,4,1,3,'3-J9R785HH'),
   ('J567YUTH','empresa5@gmail.com','empresa5','C.A','empresa5.com',1000000,5,1,4,'4-J567YUTH'),
   ('JAA89GGG','empresa6@gmail.com','empresa6','S.A','empresa6.com',1000000,6,1,4,'4-JAA89GGG'),
   ('J1045HFH','empresa7@gmail.com','empresa7','C.A','empresa7.com',1212112,7,1,1,'1-J1045HFH'),
   ('J4656556','empresa8@gmail.com','empresa8','S.A','empresa8.com',5451512,8,1,1,'1-J4656556'),
   ('J0551545','empresa9@gmail.com','empresa9','C.A','empresa9.com',465412124,9,1,5,'5-J0551545'),
   ('J000HHFF','empresa10@gmail.com','empresa10','S.A','empresa10.com',54454545,10,1,5,'5-J000HHFF');


insert into naturale (cedula,rif,correo,nombre,apellido,fk_lugar,fk_tienda,num_carnet)  values
/*insertar solo 2 clientes naturales de prueba*/

   (27187092,'V27187092','cesar@gmail.com','César','Bonadío',1596,2,'2-27187092'),
   (26521245,'V26521245','maria@gmail.com','María','Martínez',1596,2,'2-26521245');


insert into naturale (cedula,rif,correo,nombre,apellido,fk_lugar) values

  (3013800,'7793-J','Mónica2@gmail.com','Mónica','Gonzáles',53),
  (3029804,'8287-J','Javier@gmail.com','Javier','Núñez',15),
  (3024780,'7077-J','Luisa@gmail.com','Luisa','Fernández',45),
  (3008955,'5892-J','Guillermo1@gmail.com','Guillermo','Ramírez',36),
  (3030689,'5335-J','Mónica1@gmail.com','Mónica','Rodríguez',12),
  (3003898,'7452-J','Andrea1@gmail.com','Andrea','Zambrano',26),
  (3008544,'8787-J','Sofía2@gmail.com','Sofía','Colmenares',48),
  (3001857,'5677-J','Leonardo23@gmail.com','Leonardo','López',5),
  (3013130,'6296-J','Alejandra123@gmail.com','Alejandra','Mendoza',4),
  (3005090,'7075-J','Alejandra1@gmail.com','Alejandra','Rodríguez',10),
  (3026023,'8592-J','José56@gmail.com','José','Bastidas',37),
  (3020851,'6425-J','Leonardo45@gmail.com','Leonardo','Paz',45),
  (3018582,'8886-J','Daniela12@gmail.com','Daniela','Bastidas',8),
  (3028927,'9461-J','Adriana89@gmail.com','Adriana','Bastidas',2),
  (3004788,'8876-J','Marianna98@gmail.com','Marianna','Duarte',8),
  (3001224,'5773-J','Jesús15@gmail.com','Jesús','Rivera',20),
  (3017822,'6805-J','Antonella23@gmail.com','Antonella','Ramírez',15),
  (3021316,'5272-J','Luis32@gmail.com','Luis','Rodríguez',38),
  (3008598,'5400-J','Jorge700@gmail.com','Jorge','Torres',31),
  (3028154,'7119-J','Andrea7000@gmail.com','Andrea','Rivera',4),
  (3016027,'8169-J','Alicia3600@gmail.com','Alicia','Lovera',4),
  (3017891,'7828-J','Jesús230@gmail.com','Jesús','Bastidas',6),
  (3012396,'8914-J','Guillermo2310@gmail.com','Guillermo','Silva',22),
  (3032072,'6382-J','Guillermo12630@gmail.com','Guillermo','Pérez',29),
  (3011349,'9605-J','Alberto12540@gmail.com','Alberto','Zapata',4),
  (3022316,'9487-J','Jorge1234@gmail.com','Jorge','Hernández',44),
  (3002742,'9255-J','César1342@gmail.com','César','Fernández',28),
  (3028349,'8850-J','Sofía2354@gmail.com','Sofía','Mora',8),
  (3000923,'7854-J','Andrea1242@gmail.com','Andrea','García',34),
  (3025970,'9615-J','Andrea5485@gmail.com','Andrea','Mendoza',48),
  (3031979,'6673-J','Luis3245@gmail.com','Luis','Fernández',8),
  (3001201,'7022-J','Andrés5641@gmail.com','Andrés','Zambrano',19),
  (3031219,'8186-J','Laura21@gmail.com','Laura','Gonzáles',56),
  (3030772,'6487-J','Ana154@gmail.com','Ana','Vivas',19),
  (3001873,'8851-J','Alejandra124@gmail.com','Alejandra','Duarte',11),
  (3022670,'6763-J','Andrés10@gmail.com','Andrés','Salas',5),
  (3011156,'6066-J','César541@gmail.com','César','Mora',14),
  (3018809,'9861-J','Luis651@gmail.com','Luis','Moreno',20),
  (3017418,'5946-J','Mónica215@gmail.com','Mónica','Aponte',34),
  (3001493,'6622-J','Jorge215@gmail.com','Jorge','Gutierrez',48),
  (3005778,'5247-J','Carlos15@gmail.com','Carlos','Aponte',7),
  (3025469,'9499-J','Carlos54@gmail.com','Carlos','Colmenares',26),
  (3005228,'8471-J','Jorge65@gmail.com','Jorge','Jiménez',50),
  (3013153,'6635-J','Javier65@gmail.com','Javier','Morales',44),
  (3008025,'5204-J','Andrea6555@gmail.com','Andrea','Gutierrez',19),
  (3030347,'7284-J','Adriana1201@gmail.com','Adriana','Moreno',31),
  (3027027,'8001-J','Jesús121@gmail.com','Jesús','Goncalves',9),
  (3016108,'7899-J','Javier545@gmail.com','Javier','García',18),
  (3004701,'6823-J','Blanca788@gmail.com','Blanca','Gonzáles',4),
  (3019242,'6689-J','Danielaa@gmail.com','Daniela','López',6),
  (3015418,'5551-J','Alicia122@gmail.com','Alicia','Martínez',49),
  (3003792,'7268-J','Adriana3245@gmail.com','Adriana','Lovera',19),
  (3022289,'5878-J','Antonella21572@gmail.com','Antonella','Morales',43),
  (3029821,'6613-J','Ana12012@gmail.com','Ana','Gonzáles',4),
  (3001991,'5974-J','Andrés65471@gmail.com','Andrés','Gómez',2),
  (3019984,'5520-J','Antonella5484@gmail.com','Antonella','Gonzáles',24),
  (3018454,'7638-J','Jorge45@gmail.com','Jorge','Ortega',8),
  (3009958,'8965-J','Eduardo54@gmail.com','Eduardo','Gómez',36),
  (3023718,'7527-J','Carlos12@gmail.com','Carlos','Colmenares',26),
  (3005784,'5041-J','Andrea1055@gmail.com','Andrea','Rodríguez',29),
  (3025782,'6015-J','Guillermo65@gmail.com','Guillermo','Rodríguez',33),
  (3022250,'5242-J','Gloria451@gmail.com','Gloria','García',31),
  (3024025,'7373-J','Carmen124@gmail.com','Carmen','Rodríguez',58),
  (3019905,'9291-J','Alberto1248@gmail.com','Alberto','Paz',38),
  (3020369,'8959-J','Gloria545@gmail.com','Gloria','Morales',2),
  (3001114,'7715-J','Ana898@gmail.com','Ana','Gómez',37),
  (3015821,'6517-J','César562@gmail.com','César','Gonzáles',8),
  (3014106,'8953-J','Antonella2632@gmail.com','Antonella','Torres',42),
  (3020119,'6827-J','Antonella232@gmail.com','Antonella','Torres',51),
  (3021936,'9839-J','Sara548@gmail.com','Sara','Mendoza',19),
  (3003696,'5502-J','Ana4578@gmail.com','Ana','Duarte',45),
  (3000355,'6579-J','Leonardo457@gmail.com','Leonardo','Torres',38),
  (3016438,'7140-J','Guillermo548@gmail.com','Guillermo','Ortega',43),
  (3026551,'8664-J','Alfredo111@gmail.com','Alfredo','Ramírez',51),
  (3030850,'5426-J','Carlos3333@gmail.com','Carlos','Moreno',5),
  (3020954,'9448-J','Alicia9999@gmail.com','Alicia','Morales',30),
  (3014806,'7337-J','Alberto1111@gmail.com','Alberto','Sánchez',17),
  (3030064,'9038-J','Eduardo2222@gmail.com','Eduardo','Bastidas',37),
  (3011817,'7925-J','Javier333@gmail.com','Javier','Moreno',51),
  (3004539,'9240-J','Mario22222@gmail.com','Mario','Zapata',41);



insert into contacto (cedula,nombre,apellido,funcion,fk_juridico) values
/*solo 5 contactos de clientes*/
   (21452125,'Roberto','Muñoz','Gerente','J9RHFUE8'),
   (15263254,'Carlos','Chacón','Empleado','J9RHWUE9'),
   (2541245,'Pablo','Escobar','Jefe','J9AAF5E8'),
   (5424345,'Carla','Sánchez','Gerente','J9R785HH'),
   (4578451,'Maria','Martínez','Sub-gerente','J567YUTH');



insert into inventario (c_tienda,c_producto,zona,cantidad) values
/*solo 5 inventarios de tiendas*/
  (1,1,'a',1000),
  (1,2,'a',1000),
  (1,3,'l',1000),
  (1,4,'a',1000),
  (1,5,'a',1000),
  (1,6,'a',1000),
  (1,7,'a',1000),
  (1,8,'a',1000),
  (1,9,'a',1000),
  (1,10,'a',1000),
  (1,11,'a',1000),
  (1,12,'a',1000),
  (2,1,'a',1000),
  (2,2,'a',1000),
  (2,3,'l',1000),
  (2,4,'a',1000),
  (2,5,'a',1000),
  (2,6,'a',1000),
  (2,7,'a',1000),
  (2,8,'a',1000),
  (2,9,'a',1000),
  (2,10,'a',1000),
  (2,11,'a',1000),
  (2,12,'a',1000),
  (3,1,'a',1000),
  (3,2,'a',1000),
  (3,3,'l',1000),
  (3,4,'a',1000),
  (3,5,'a',1000),
  (3,6,'a',1000),
  (3,7,'a',1000),
  (3,8,'a',1000),
  (3,9,'a',1000),
  (3,10,'a',1000),
  (3,11,'a',1000),
  (3,12,'a',1000),
  (4,1,'a',1000),
  (4,2,'a',1000),
  (4,3,'l',1000),
  (4,4,'a',1000),
  (4,5,'a',1000),
  (4,6,'a',1000),
  (4,7,'a',1000),
  (4,8,'a',1000),
  (4,9,'a',1000),
  (4,10,'a',1000),
  (4,11,'a',1000),
  (4,12,'a',1000),
  (5,1,'a',1000),
  (5,2,'a',1000),
  (5,3,'l',1000),
  (5,4,'a',1000),
  (5,5,'a',1000),
  (5,6,'a',1000),
  (5,7,'a',1000),
  (5,8,'a',1000),
  (5,9,'a',1000),
  (5,10,'a',1000),
  (5,11,'a',1000),
  (5,12,'a',1000),
  (6,1,'a',1000),
  (6,2,'a',1000),
  (6,3,'l',1000),
  (6,4,'a',1000),
  (6,5,'a',1000),
  (6,6,'a',1000),
  (6,7,'a',1000),
  (6,8,'a',1000),
  (6,9,'a',1000),
  (6,10,'a',1000),
  (6,11,'a',1000),
  (6,12,'a',1000),
  (7,1,'a',1000),
  (7,2,'a',1000),
  (7,3,'l',1000),
  (7,4,'a',1000),
  (7,5,'a',1000),
  (7,6,'a',1000),
  (7,7,'a',1000),
  (7,8,'a',1000),
  (7,9,'a',1000),
  (7,10,'a',1000),
  (7,11,'a',1000),
  (7,12,'a',1000),
  (8,1,'a',1000),
  (8,2,'a',1000),
  (8,3,'l',1000),
  (8,4,'a',1000),
  (8,5,'a',1000),
  (8,6,'a',1000),
  (8,7,'a',1000),
  (8,8,'a',1000),
  (8,9,'a',1000),
  (8,10,'a',1000),
  (8,11,'a',1000),
  (8,12,'a',1000),
  (9,1,'a',1000),
  (9,2,'a',1000),
  (9,3,'l',1000),
  (9,4,'a',1000),
  (9,5,'a',1000),
  (9,6,'a',1000),
  (9,7,'a',1000),
  (9,8,'a',1000),
  (9,9,'a',1000),
  (9,10,'a',1000),
  (9,11,'a',1000),
  (9,12,'a',1000),
  (10,1,'a',1000),
  (10,2,'a',1000),
  (10,3,'l',1000),
  (10,4,'a',1000),
  (10,5,'a',1000),
  (10,6,'a',1000),
  (10,7,'a',1000),
  (10,8,'a',1000),
  (10,9,'a',1000),
  (10,10,'a',1000),
  (10,11,'a',1000),
  (10,12,'a',1000),
  (11,1,'a',1000),
  (11,2,'a',1000),
  (11,3,'l',1000),
  (11,4,'a',1000),
  (11,5,'a',1000),
  (11,6,'a',1000),
  (11,7,'a',1000),
  (11,8,'a',1000),
  (11,9,'a',1000),
  (11,10,'a',1000),
  (11,11,'a',1000),
  (11,12,'a',1000),
  (12,1,'a',1000),
  (12,2,'a',1000),
  (12,3,'l',1000),
  (12,4,'a',1000),
  (12,5,'a',1000),
  (12,6,'a',1000),
  (12,7,'a',1000),
  (12,8,'a',1000),
  (12,9,'a',1000),
  (12,10,'a',1000),
  (12,11,'a',1000),
  (12,12,'a',1000),
  (13,1,'a',1000),
  (13,2,'a',1000),
  (13,3,'l',1000),
  (13,4,'a',1000),
  (13,5,'a',1000),
  (13,6,'a',1000),
  (13,7,'a',1000),
  (13,8,'a',1000),
  (13,9,'a',1000),
  (13,10,'a',1000),
  (13,11,'a',1000),
  (13,12,'a',1000),
  (14,1,'a',1000),
  (14,2,'a',1000),
  (14,3,'l',1000),
  (14,4,'a',1000),
  (14,5,'a',1000),
  (14,6,'a',1000),
  (14,7,'a',1000),
  (14,8,'a',1000),
  (14,9,'a',1000),
  (14,10,'a',1000),
  (14,11,'a',1000),
  (14,12,'a',1000),
  (15,1,'a',1000),
  (15,2,'a',1000),
  (15,3,'l',1000),
  (15,4,'a',1000),
  (15,5,'a',1000),
  (15,6,'a',1000),
  (15,7,'a',1000),
  (15,8,'a',1000),
  (15,9,'a',1000),
  (15,10,'a',1000),
  (15,11,'a',1000),
  (15,12,'a',1000),
  (16,1,'a',1000),
  (16,2,'a',1000),
  (16,3,'l',1000),
  (16,4,'a',1000),
  (16,5,'a',1000),
  (16,6,'a',1000),
  (16,7,'a',1000),
  (16,8,'a',1000),
  (16,9,'a',1000),
  (16,10,'a',1000),
  (16,11,'a',1000),
  (16,12,'a',1000),
  (17,1,'a',1000),
  (17,2,'a',1000),
  (17,3,'l',1000),
  (17,4,'a',1000),
  (17,5,'a',1000),
  (17,6,'a',1000),
  (17,7,'a',1000),
  (17,8,'a',1000),
  (17,9,'a',1000),
  (17,10,'a',1000),
  (17,11,'a',1000),
  (17,12,'a',1000),
  (18,1,'a',1000),
  (18,2,'a',1000),
  (18,3,'l',1000),
  (18,4,'a',1000),
  (18,5,'a',1000),
  (18,6,'a',1000),
  (18,7,'a',1000),
  (18,8,'a',1000),
  (18,9,'a',1000),
  (18,10,'a',1000),
  (18,11,'a',1000),
  (18,12,'a',1000),
  (19,1,'a',1000),
  (19,2,'a',1000),
  (19,3,'l',1000),
  (19,4,'a',1000),
  (19,5,'a',1000),
  (19,6,'a',1000),
  (19,7,'a',1000),
  (19,8,'a',1000),
  (19,9,'a',1000),
  (19,10,'a',1000),
  (19,11,'a',1000),
  (19,12,'a',1000),
  (20,1,'a',1000),
  (20,2,'a',1000),
  (20,3,'l',1000),
  (20,4,'a',1000),
  (20,5,'a',1000),
  (20,6,'a',1000),
  (20,7,'a',1000),
  (20,8,'a',1000),
  (20,9,'a',1000),
  (20,10,'a',1000),
  (20,11,'a',1000),
  (20,12,'a',1000),
  (21,1,'a',1000),
  (21,2,'a',1000),
  (21,3,'l',1000),
  (21,4,'a',1000),
  (21,5,'a',1000),
  (21,6,'a',1000),
  (21,7,'a',1000),
  (21,8,'a',1000),
  (21,9,'a',1000),
  (21,10,'a',1000),
  (21,11,'a',1000),
  (21,12,'a',1000),
  (22,1,'a',1000),
  (22,2,'a',1000),
  (22,3,'l',1000),
  (22,4,'a',1000),
  (22,5,'a',1000),
  (22,6,'a',1000),
  (22,7,'a',1000),
  (22,8,'a',1000),
  (22,9,'a',1000),
  (22,10,'a',1000),
  (22,11,'a',1000),
  (22,12,'a',1000),
  (23,1,'a',1000),
  (23,2,'a',1000),
  (23,3,'l',1000),
  (23,4,'a',1000),
  (23,5,'a',1000),
  (23,6,'a',1000),
  (23,7,'a',1000),
  (23,8,'a',1000),
  (23,9,'a',1000),
  (23,10,'a',1000),
  (23,11,'a',1000),
  (23,12,'a',1000),
  (24,1,'a',1000),
  (24,2,'a',1000),
  (24,3,'l',1000),
  (24,4,'a',1000),
  (24,5,'a',1000),
  (24,6,'a',1000),
  (24,7,'a',1000),
  (24,8,'a',1000),
  (24,9,'a',1000),
  (24,10,'a',1000),
  (24,11,'a',1000),
  (24,12,'a',1000),
  (25,1,'a',1000),
  (25,2,'a',1000),
  (25,3,'l',1000),
  (25,4,'a',1000),
  (25,5,'a',1000),
  (25,6,'a',1000),
  (25,7,'a',1000),
  (25,8,'a',1000),
  (25,9,'a',1000),
  (25,10,'a',1000),
  (25,11,'a',1000),
  (25,12,'a',1000),
  (26,1,'a',1000),
  (26,2,'a',1000),
  (26,3,'l',1000),
  (26,4,'a',1000),
  (26,5,'a',1000),
  (26,6,'a',1000),
  (26,7,'a',1000),
  (26,8,'a',1000),
  (26,9,'a',1000),
  (26,10,'a',1000),
  (26,11,'a',1000),
  (26,12,'a',1000),
  (27,1,'a',1000),
  (27,2,'a',1000),
  (27,3,'l',1000),
  (27,4,'a',1000),
  (27,5,'a',1000),
  (27,6,'a',1000),
  (27,7,'a',1000),
  (27,8,'a',1000),
  (27,9,'a',1000),
  (27,10,'a',1000),
  (27,11,'a',1000),
  (27,12,'a',1000),
  (28,1,'a',1000),
  (28,2,'a',1000),
  (28,3,'l',1000),
  (28,4,'a',1000),
  (28,5,'a',1000),
  (28,6,'a',1000),
  (28,7,'a',1000),
  (28,8,'a',1000),
  (28,9,'a',1000),
  (28,10,'a',1000),
  (28,11,'a',1000),
  (28,12,'a',1000),
  (29,1,'a',1000),
  (29,2,'a',1000),
  (29,3,'l',1000),
  (29,4,'a',1000),
  (29,5,'a',1000),
  (29,6,'a',1000),
  (29,7,'a',1000),
  (29,8,'a',1000),
  (29,9,'a',1000),
  (29,10,'a',1000),
  (29,11,'a',1000),
  (29,12,'a',1000),
  (30,1,'a',1000),
  (30,2,'a',1000),
  (30,3,'l',1000),
  (30,4,'a',1000),
  (30,5,'a',1000),
  (30,6,'a',1000),
  (30,7,'a',1000),
  (30,8,'a',1000),
  (30,9,'a',1000),
  (30,10,'a',1000),
  (30,11,'a',1000),
  (30,12,'a',1000),
  (31,1,'a',1000),
  (31,2,'a',1000),
  (31,3,'l',1000),
  (31,4,'a',1000),
  (31,5,'a',1000),
  (31,6,'a',1000),
  (31,7,'a',1000),
  (31,8,'a',1000),
  (31,9,'a',1000),
  (31,10,'a',1000),
  (31,11,'a',1000),
  (31,12,'a',1000),
  (32,1,'a',1000),
  (32,2,'a',1000),
  (32,3,'l',1000),
  (32,4,'a',1000),
  (32,5,'a',1000),
  (32,6,'a',1000),
  (32,7,'a',1000),
  (32,8,'a',1000),
  (32,9,'a',1000),
  (32,10,'a',1000),
  (32,11,'a',1000),
  (32,12,'a',1000),
  (33,1,'a',1000),
  (33,2,'a',1000),
  (33,3,'l',1000),
  (33,4,'a',1000),
  (33,5,'a',1000),
  (33,6,'a',1000),
  (33,7,'a',1000),
  (33,8,'a',1000),
  (33,9,'a',1000),
  (33,10,'a',1000),
  (33,11,'a',1000),
  (33,12,'a',1000),
  (34,1,'a',1000),
  (34,2,'a',1000),
  (34,3,'l',1000),
  (34,4,'a',1000),
  (34,5,'a',1000),
  (34,6,'a',1000),
  (34,7,'a',1000),
  (34,8,'a',1000),
  (34,9,'a',1000),
  (34,10,'a',1000),
  (34,11,'a',1000),
  (34,12,'a',1000),
  (35,1,'a',1000),
  (35,2,'a',1000),
  (35,3,'l',1000),
  (35,4,'a',1000),
  (35,5,'a',1000),
  (35,6,'a',1000),
  (35,7,'a',1000),
  (35,8,'a',1000),
  (35,9,'a',1000),
  (35,10,'a',1000),
  (35,11,'a',1000),
  (35,12,'a',1000),
  (36,1,'a',1000),
  (36,2,'a',1000),
  (36,3,'l',1000),
  (36,4,'a',1000),
  (36,5,'a',1000),
  (36,6,'a',1000),
  (36,7,'a',1000),
  (36,8,'a',1000),
  (36,9,'a',1000),
  (36,10,'a',1000),
  (36,11,'a',1000),
  (36,12,'a',1000),
  (37,1,'a',1000),
  (37,2,'a',1000),
  (37,3,'l',1000),
  (37,4,'a',1000),
  (37,5,'a',1000),
  (37,6,'a',1000),
  (37,7,'a',1000),
  (37,8,'a',1000),
  (37,9,'a',1000),
  (37,10,'a',1000),
  (37,11,'a',1000),
  (37,12,'a',1000),
  (38,1,'a',1000),
  (38,2,'a',1000),
  (38,3,'l',1000),
  (38,4,'a',1000),
  (38,5,'a',1000),
  (38,6,'a',1000),
  (38,7,'a',1000),
  (38,8,'a',1000),
  (38,9,'a',1000),
  (38,10,'a',1000),
  (38,11,'a',1000),
  (38,12,'a',1000),
  (39,1,'a',1000),
  (39,2,'a',1000),
  (39,3,'l',1000),
  (39,4,'a',1000),
  (39,5,'a',1000),
  (39,6,'a',1000),
  (39,7,'a',1000),
  (39,8,'a',1000),
  (39,9,'a',1000),
  (39,10,'a',1000),
  (39,11,'a',1000),
  (39,12,'a',1000),
  (40,1,'a',1000),
  (40,2,'a',1000),
  (40,3,'l',1000),
  (40,4,'a',1000),
  (40,5,'a',1000),
  (40,6,'a',1000),
  (40,7,'a',1000),
  (40,8,'a',1000),
  (40,9,'a',1000),
  (40,10,'a',1000),
  (40,11,'a',1000),
  (40,12,'a',1000);


insert into telefono (valor,tipo,fk_juridico) values
/*solo 5 telefonos de juridicos*/
  ('04143985290','movil','J9RHFUE8'),
  ('04143040117','movil','J567YUTH'),
  ('02123423123','trabajo','J567YUTH'),
  ('02126523214','casa','J000HHFF'),
  ('02126584251','casa','JAA89GGG');


insert into usuario (username,password,puntos,fk_rol,fk_empleado) values
/*voy a insertar 5 usuarios de empleados*/
 ('AlexanderCol','1234567',100,3,26827608),
 ('GuillermoSan','guillermo1234',260,3,18636636),
 ('AnaVivas12','anavivas456',100,3,9572808),
 ('SantosGuillermo','1234567',100,3,11452826),
 ('MariaSalas','123456789',100,3,14333232);


 insert into vacacion (codigo,fecha_inicial,fecha_final,descripcion,fk_empleado) values
 /*insertar 5 vacaciones*/
 (1,'2017-12-12','2018-01-07','navidad',26827608),
 (2,'2016-12-12','2017-01-08','navidad',18636636),
 (3,'2017-04-20','2017-05-10','semana santa',9572808),
 (4,'2016-04-20','2016-05-10','semana santa',11452826),
 (5,'2016-06-06','2016-07-10','porque quizo',14333232);


 insert into review (c_usuario,c_producto,valoracion,descripcion) values
 /*insertar reseñas de usuarios*/
 (1,1,5,'Lo compraría de nuevo, excelente producto'),
 (1,2,4,'Bueno producto'),
 (2,4,5,'La chupeta de corazón es un excelente producto, sobre todo por su sabor picante'),
 (2,6,3,'No me gustó mucho, tiene una combinación extraña de frescura y picante'),
 (5,1,5,'Esta clásica chupeta no ha camiado es excelente');


 insert into medio_pago (tipo,num_tarjeta,fk_juridico,marca_tarjeta) values
 /*insertar 5 medios de pago solo para juridicos distintos*/
 ('tarjeta',12456,'J9RHFUE8','visa'),
 ('tarjeta',45123,'J567YUTH','master card'),
 ('tarjeta',42132,'J567YUTH','american express'),
 ('tarjeta',45712,'J567YUTH','visa'),
 ('tarjeta',87454,'J0551545','visa');


 insert into medio_pago (tipo,num_tarjeta,fk_naturale,marca_tarjeta) values
 ('tarjeta',12444,27187092,'visa');


 insert into punto_cliente (adquirido,valor,fk_naturale,fk_punto) values
 /*historial de transacciones (negativas o positivas de un solo cliente natural seleccionado)*/
 (1,20,27187092,1),
 (1,20,27187092,1);


 insert into horario (clave,hora_inicio,hora_fin,tipo) values
 /*Dos horarios en cada tienda, diurno y nocturno*/
 (1 ,'07:00:00', '04:00:00', 'diurno'),
 (2 ,'04:00:00', '09:00:00', 'nocturno');



  insert into presupuesto (codigo, total, fecha, fk_naturale, fk_tienda_compra) values
  /*insertar solo 5 presupuestos*/
  (1,1500.00,'2018-04-01 07:04:43',27187092,1),
  (2,1300.00,'2018-04-02 08:30:32',27187092,2),
  (3,1400.00,'2018-04-03 09:32:21',27187092,3),
  (4,1200.00,'2018-04-04 04:32:12',27187092,1),
  (5,1600.00,'2018-04-05 12:12:12',27187092,1);


  insert into presupuesto (codigo, total, fecha, fk_tienda) values
  /*insertar pedidos a la fabrica para poder hacer la comparacion que quiero*/
  (6,2000.00,'2018-04-06 12:12:12',1),
  (7,20500.00,'2018-04-06 12:12:12',2),
  (8,13256.00,'2018-04-06 12:12:12',3),
  (9,2562.00,'2018-04-06 12:12:12',2),
  (10,200.00,'2018-04-06 12:12:12',2);



  insert into pedido (codigo, fecha,c_presupuesto) values
  /*los pedidos*/
  (1,'2018-05-03 07:12:12',1),
  (2,'2018-05-06 06:12:15',2),
  (3,'2018-05-08 05:10:16',3),
  (4,'2018-05-04 04:10:12',4),
  (5,'2018-05-01 12:10:10',5),
  (6,'2018-05-02 12:10:10',6),
  (7,'2018-05-03 12:10:10',7),
  (8,'2018-05-04 12:10:10',8),
  (9,'2018-05-05 12:10:10',9),
  (10,'2018-05-06 12:10:10',10);



  insert into pago (codigo, monto, fecha,fk_pedido ,fk_medio_pago) values
  (1,3000.00,'2018-12-11 07:32:12',2,1),
  (2,4000.00,'2018-12-14 06:31:10',4,2),
  (3,1000.00,'2018-12-24 05:23:31',1,1),
  (4,5500.00,'2018-12-06 12:15:16',2,2),
  (5,6000.00,'2018-12-03 10:45:12',3,1);



  insert into pedido_estatus (codigo, cambio, c_pedido, c_estatus) values
  /*ahorA VIENEN LAS REPOSICIONES A LA TIENDA, por poner un ejemplo*/
  (1,'2018-05-02 12:10:10',6,100),
  (2,'2018-04-06 12:12:12',7,100),
  (3,'2018-05-04 12:10:10',8,100),
  (4,'2018-05-05 12:10:10',9,100),
  (5,'2018-05-06 12:10:10',10,100);


  insert into producto_presupuesto (codigo, cantidad, precio,c_presupuesto,c_producto) values
  (1,100,25000,1,1),
  (2,50,5000,2,2),
  (3,100,25000,3,1),
  (4,100,20000,1,5),
  (5,50,25000,4,6),
  (6,20,32333,5,5);